author,price,title
Kevin Missal,199,Dharmayoddha Kalki: Avatar of Vishnu (Book 1)
Kevin Missal,199,Dharmayoddha Kalki: Avatar of Vishnu (Book 1)
H. G. Wells,271,Twelve Stories And A Dream
J.K. Rowling,268,Harry Potter and the Philosopher's Stone
Stephenie Meyer,487,Midnight Sun
Amish Tripathi,212,Raavan: Enemy of Aryavarta (Ram Chandra Series - Book 3)
J.K. Rowling,"2,422",Harry Potter Box Set: The Complete Collection (Children’s Paperback) (Set of 7 Volumes)
J.K. Rowling,286,Harry Potter and the Chamber of Secrets (Harry Potter 2)
Amish Tripathi,302,The Oath of the Vayuputras (Shiva Trilogy)
J.K. Rowling,301,Harry Potter and the Prisoner of Azkaban (Harry Potter 3)
Anita Krishan,249,Ghosts of The Silent Hills: Stories based on true hauntings
Neal Stephenson,394,Snow Crash
J.K. Rowling,299,Harry Potter and the Cursed Child - Parts One and Two: The Official Playscript of the Original West End Production (Harry Potter Officl Playscript)
Amish Tripathi,239,Ram - Scion of Ikshvaku (Ram Chandra)
Ashwin Sanghi,295,The Vault of Vishnu
Amish Tripathi,248,Sita: Warrior of Mithila (Ram Chandra Series - Book 2)
J.K. Rowling,419,Harry Potter and the Goblet of Fire (Harry Potter 4)
Anand Neelakantan,299,Chaturanga (Baahubali: Before the Beginning)
J.K. Rowling,504,Harry Potter and the Order of the Phoenix (Harry Potter 5)
Amish Tripathi,365,The Secret Of The Nagas (Shiva Trilogy-2)
Kevin Missal,199,Mahayoddha Kalki: Sword of Shiva (Book 3)
Kevin Missal,199,Dharmayoddha Kalki: Avatar of Vishnu (Book 1)
Kevin Missal,199,Dharmayoddha Kalki: Avatar of Vishnu (Book 1)
H. G. Wells,271,Twelve Stories And A Dream
J.K. Rowling,419,Harry Potter and the Half Blood Prince
Kevin Missal,199,Dharmayoddha Kalki: Avatar of Vishnu (Book 1)
Ray Bradbury,295,Fahrenheit 451 (Flamingo Modern Classics)
Stephen King,295,The Shining
Haruki Murakami,527,Kafka on the Shore
Kevin Missal,199,Mahayoddha Kalki: Sword of Shiva (Book 3)
Anita Krishan,249,Ghosts of The Silent Hills: Stories based on true hauntings
Kevin Missal,199,Mahayoddha Kalki: Sword of Shiva (Book 3)
Douglas Adams,542,The Ultimate Hitchhiker's Guide to the Galaxy: The Complete Trilogy in Five Parts (Hitchhikers Guide to/Galaxy)
Rick Riordan,268,Percy Jackson and the Last Olympian (Book 5)
Durjoy Datta,179,Till The Last Breath . . .
Rick Riordan,332,Percy Jackson and The Battle of the Labyrinth (Book 4)
Madeline Miller,446,Circe: The International No. 1 Bestseller - Shortlisted for the Women's Prize for Fiction 2019
Bernardine Evaristo,437,"Girl, Woman, Other: WINNER OF THE BOOKER PRIZE 2019"
Neal Stephenson,394,Snow Crash
Ann VanderMeer,440,"The Thackery T. Lambshead Cabinet of Curiosities: Exhibits, Oddities, Images, and Stories from Top Authors and Artists"
Kevin Missal,199,Dharmayoddha Kalki: Avatar of Vishnu (Book 1)
Kevin Missal,199,Dharmayoddha Kalki: Avatar of Vishnu (Book 1)
H. G. Wells,271,Twelve Stories And A Dream
Gautam Bhatia,319,The Wall
Blake Crouch,418,Dark Matter: The Most Mind-Blowing And Twisted Thriller Of The Year
J.R.R. Tolkien,305,The Hobbit (Film tie-in edition)
Stephen Hawking,99,Black Holes: The Reith Lectures
Salman Rushdie,439,Midnight's Children
J.R.R. Tolkien,302,The Fellowship of the Ring (The Lord of the Rings)
Aldous Huxley,359,Brave New World
Anita Krishan,249,Ghosts of The Silent Hills: Stories based on true hauntings
Kevin Missal,199,Mahayoddha Kalki: Sword of Shiva (Book 3)
Ravi Nirmal Sharma,60,Daredreamers: A Start-up of Superheroes
Dan Brown,379,The Lost Symbol: (Robert Langdon Book 3)
George Orwell,75,Animal Farm
J.R.R. Tolkien,"1,169",The Lord of the Rings
Haruki Murakami,338,A Wild Sheep Chase
Lisa Jewell,331,The Family Upstairs: The #1 bestseller and gripping Richard & Judy Book Club pick
Neal Stephenson,394,Snow Crash
Ann VanderMeer,440,"The Thackery T. Lambshead Cabinet of Curiosities: Exhibits, Oddities, Images, and Stories from Top Authors and Artists"
Kevin Missal,199,Dharmayoddha Kalki: Avatar of Vishnu (Book 1)
Kevin Missal,199,Dharmayoddha Kalki: Avatar of Vishnu (Book 1)
H. G. Wells,271,Twelve Stories And A Dream
J.K. Rowling,594,Harry Potter and the Philosopher’s Stone: Illustrated Edition (Harry Potter Illustrated Edtn)
Neil Gaiman,435,Norse Mythology
Victoria Aveyard,329,Red Queen: 0
S. A. Chakraborty,464,The Empire of Gold
Amitav Ghosh,238,The Hungry Tide
Anita Krishan,249,Ghosts of The Silent Hills: Stories based on true hauntings
Kevin Missal,199,Mahayoddha Kalki: Sword of Shiva (Book 3)
Neil Gaiman,339,Good Omens (Discworld)
Margaret Atwood,349,The Testaments: The Sequel to The Handmaid's Tale (Random House Large Print)
Sarah J. Maas,479,House of Earth and Blood (Crescent City)
Blake Crouch,425,Recursion
Anand Neelakantan,256,The Rise of Sivagami (Baahubali: Before the Beginning)
Erin Morgenstern,393,The Night Circus (Vintage Magic)
Isaac Asimov,349,Foundation
Neal Stephenson,394,Snow Crash
Ann VanderMeer,440,"The Thackery T. Lambshead Cabinet of Curiosities: Exhibits, Oddities, Images, and Stories from Top Authors and Artists"
Kevin Missal,199,Dharmayoddha Kalki: Avatar of Vishnu (Book 1)
Kevin Missal,199,Dharmayoddha Kalki: Avatar of Vishnu (Book 1)
H. G. Wells,271,Twelve Stories And A Dream
Frank Miller,686,Batman: Year One
Sarah J. Maas,445,A Court of Thorns and Roses
Andrzej Sapkowski,420,Blood of Elves: Witcher 1 - Now a major Netflix show (The Witcher)
Jules Verne,189,"20,000 Leagues Under the Sea"
Neil Gaiman,391,American Gods
Durjoy Datta,92,The Boy with a Broken Heart
Anita Krishan,249,Ghosts of The Silent Hills: Stories based on true hauntings
Neal Stephenson,394,Snow Crash
Jay Rubin,565,The Wind-Up Bird Chronicle
Christopher C. Doyle,326,Son of Bhrigu (The Pataala Prophecy)
S. A. Chakraborty,399,The City of Brass
J.R.R. Tolkien,415,The Silmarillion
Franz Kafka,75,The Metamorphosis
J.K. Rowling,594,Harry Potter and the Deathly Hallows (Harry Potter 7)
Anita Krishan,249,Ghosts of The Silent Hills: Stories based on true hauntings
Kevin Missal,199,Mahayoddha Kalki: Sword of Shiva (Book 3)
Ann VanderMeer,440,"The Thackery T. Lambshead Cabinet of Curiosities: Exhibits, Oddities, Images, and Stories from Top Authors and Artists"
Kevin Missal,199,Dharmayoddha Kalki: Avatar of Vishnu (Book 1)
Kevin Missal,199,Dharmayoddha Kalki: Avatar of Vishnu (Book 1)
H. G. Wells,271,Twelve Stories And A Dream
Ruskin Bond,228,A Face in the Dark and Other Hauntings: Collected Stories of the Supernatural
J.K. Rowling,299,Harry Potter and the Chamber of Secrets – Slytherin Edition
Christopher C. Doyle,327,The Mists of Brahma (The Pataala Prophecy - Book 2)
Cassandra Clare,429,The Mortal Instruments 1: City of Bones
Kurt Vonnegut,299,Slaughterhouse 5 (reissue): The Children's Crusade A Duty-Dance With Death (Vintage Classics)
George R.R. Martin,462,"A Clash of Kings (Reissue) (A Song of Ice and Fire, Book 2)"
Stephen King,299,It
Anita Krishan,249,Ghosts of The Silent Hills: Stories based on true hauntings
Neal Stephenson,394,Snow Crash
S. A. Chakraborty,416,The Kingdom of Copper
Douglas Adams,420,The Hitchhiker's Guide to the Galaxy
Masashi Kishimoto,550,"Naruto: Itachi's Story, Vol. 1: Daylight: Volume 1 (Naruto Novels)"
J.K. Rowling,449,Harry Potter and the Goblet of Fire – Hufflepuff Edition (Harry Potter House Editions)
Michio Kaku,426,"Physics of the Impossible: A Scientific Exploration of the World of Phasers, Force Fields, Teleportation and Time Travel"
Dean Koontz,385,The Eyes of Darkness: A terrifying horror novel of unrelenting suspense
Tanaz Bhathena,351,Hunted by the Sky
Sabaa Tahir,449,"An Ember in the Ashes (Ember Quartet, Book 1)"
Kevin Missal,199,Mahayoddha Kalki: Sword of Shiva (Book 3)
Ann VanderMeer,440,"The Thackery T. Lambshead Cabinet of Curiosities: Exhibits, Oddities, Images, and Stories from Top Authors and Artists"
Kevin Missal,199,Dharmayoddha Kalki: Avatar of Vishnu (Book 1)
Kevin Missal,199,Dharmayoddha Kalki: Avatar of Vishnu (Book 1)
H. G. Wells,271,Twelve Stories And A Dream
J.K. Rowling,359,Fantastic Beasts and Where to Find Them: The Original Screenplay
Sabaa Tahir,465,"A Torch Against the Night (Ember Quartet, Book 2)"
Norton Juster,318,The Phantom Tollbooth (Essential Modern Classics)
Masashi Kishimoto,550,"Naruto: Itachi's Story, Vol. 1: Daylight: Volume 1 (Naruto Novels)"
Andrzej Sapkowski,299,The Last Wish: Introducing the Witcher - Now a major Netflix show
Fyodor Dostoyevsky,148,Notes from the Underground
Anita Krishan,249,Ghosts of The Silent Hills: Stories based on true hauntings
Neal Stephenson,394,Snow Crash
J.K. Rowling,427,Fantastic Beasts: The Crimes of Grindelwald – The Original Screenplay (Fantastic Beasts/Grindelwald)
Cassandra Clare,410,The Mortal Instruments 2: City of Ashes
Stephen King,396,Doctor Sleep (The Shining)
Victoria Aveyard,305,Glass Sword (Red Queen)
Samantha Shannon,532,The Priory of the Orange Tree
Andrzej Sapkowski,420,Sword of Destiny: Tales of the Witcher - Now a major Netflix show
J.K. Rowling,400,Harry Potter and the Chamber of Secrets – Gryffindor Edition
Kevin Missal,199,Mahayoddha Kalki: Sword of Shiva (Book 3)
Ann VanderMeer,440,"The Thackery T. Lambshead Cabinet of Curiosities: Exhibits, Oddities, Images, and Stories from Top Authors and Artists"
Kevin Missal,199,Dharmayoddha Kalki: Avatar of Vishnu (Book 1)
Kevin Missal,199,Dharmayoddha Kalki: Avatar of Vishnu (Book 1)
H. G. Wells,271,Twelve Stories And A Dream
Andre Aciman,539,FIND ME
Haruki Murakami,491,Hard-Boiled Wonderland And The End Of The World
Jeanette Winterson,350,Sexing the Cherry
Leigh Bardugo,495,Shadow and Bone: Soon to be a major Netflix show
Christopher Paolini,464,To Sleep in a Sea of Stars
Neil Gaiman,679,Neil Gaiman & Chris Riddell Box Set
Ted Chiang,474,Exhalation
Audrey Niffenegger,283,The Time Traveler's Wife (Vintage Magic)
Anita Krishan,249,Ghosts of The Silent Hills: Stories based on true hauntings
Neal Stephenson,394,Snow Crash
Cassandra Clare,437,Tales from the Shadowhunter Academy
Emily St. John Mandel,400,Station Eleven: 0
Sabaa Tahir,422,A Reaper at the Gates: Ember Quartet (Part - 3)
Ted Chiang,385,Stories of Your Life and Others
Kevin Missal,199,Mahayoddha Kalki: Sword of Shiva (Book 3)
Ann VanderMeer,440,"The Thackery T. Lambshead Cabinet of Curiosities: Exhibits, Oddities, Images, and Stories from Top Authors and Artists"
Kevin Missal,199,Dharmayoddha Kalki: Avatar of Vishnu (Book 1)
Kevin Missal,199,Dharmayoddha Kalki: Avatar of Vishnu (Book 1)
H. G. Wells,271,Twelve Stories And A Dream
Takashi Yano,479,"Naruto: Itachi's Story, Vol. 2: Midnight: Volume 2 (Naruto Novels)"
Haruki Murakami,437,After Dark
Anand Neelakantan,350,"Vanara: The Legend of Baali, Sugreeva and Tara"
Sarah J. Maas,298,A Court of Frost and Starlight (A Court of Thorns and Roses)
Vishesh,149,Kailash Dwara: Doorway to Bhuloka
J.R.R. Tolkien,499,The Lord of the Rings: The Two Towers
J.R.R. Tolkien,330,The Lord of the Rings: The Return of the King
Anita Krishan,249,Ghosts of The Silent Hills: Stories based on true hauntings
Neal Stephenson,394,Snow Crash
Stephen King,395,The Institute
Stephenie Meyer,249,The Host
Isaac Asimov,327,Foundation and Empire
Andrzej Sapkowski,420,Baptism of Fire: Witcher 3 - Now a major Netflix show (The Witcher)
Andrzej Sapkowski,420,Time of Contempt: Witcher 2 - Now a major Netflix show (The Witcher)
George R.R. Martin,337,"A Storm of Swords: Part 1 Steel and Snow (Reissue) (A Song of Ice and Fire, Book 3)"
Sarah J. Maas,509,Tower of Dawn (Throne of Glass)
Kevin Missal,199,Mahayoddha Kalki: Sword of Shiva (Book 3)
Ann VanderMeer,440,"The Thackery T. Lambshead Cabinet of Curiosities: Exhibits, Oddities, Images, and Stories from Top Authors and Artists"
Kevin Missal,199,Dharmayoddha Kalki: Avatar of Vishnu (Book 1)
Kevin Missal,199,Dharmayoddha Kalki: Avatar of Vishnu (Book 1)
H. G. Wells,271,Twelve Stories And A Dream
Pravin Agarwal,190,The Girl in the Dream
Cassandra Clare,499,The Bane Chronicles
Markus Zusak,474,The Book Thief (New Edition featuring Exclusive Material from Bridge of Clay): The life-affirming number one international bestseller (10th Anniversary Edition)
Jonathan Swift,241,Gulliver's Travels (Penguin Classics)
Stephen Fry,340,Heroes (Stephen Fry’s Greek Myths)
Sarah J. Maas,569,A Court of Mist and Fury (A Court of Thorns and Roses)
Gavin Aung Than,499,Zen Pencils: Volume Two: Dream the Impossible Dream: Volume 2
Anita Krishan,249,Ghosts of The Silent Hills: Stories based on true hauntings
Neal Stephenson,394,Snow Crash
Andrzej Sapkowski,420,The Tower of the Swallow: Witcher 4 - Now a major Netflix show (The Witcher)
Chris Colfer,425,The Wishing Spell: Book 1 (Land of Stories)
W. Bruce Cameron,374,A Dog's Purpose
Victoria Aveyard,279,King's Cage (Red Queen)
Daniel Keyes,569,Flowers for Algernon
Ruskin Bond,389,The Ruskin Bond Horror Omnibus
Kevin Missal,199,Mahayoddha Kalki: Sword of Shiva (Book 3)
Ann VanderMeer,440,"The Thackery T. Lambshead Cabinet of Curiosities: Exhibits, Oddities, Images, and Stories from Top Authors and Artists"
Kevin Missal,199,Dharmayoddha Kalki: Avatar of Vishnu (Book 1)
Kevin Missal,199,Dharmayoddha Kalki: Avatar of Vishnu (Book 1)
H. G. Wells,271,Twelve Stories And A Dream
Cassandra Clare,324,The Mortal Instruments 3: City of Glass
Cassandra Clare,395,The Mortal Instruments 6: City of Heavenly Fire
Andy Weir,398,"The Martian: Stranded on Mars, one astronaut fights to survive"
Bridget Collins,327,The Binding
Terry Pratchett,349,The Colour Of Magic: (Discworld Novel 1) (Discworld Novels)
Katherine Arden,499,The Girl in The Tower: (Winternight Trilogy)
Isaac Asimov,309,The Caves of Steel (Robot 1)
Søren Sveistrup,344,The Chestnut Man
Anita Krishan,249,Ghosts of The Silent Hills: Stories based on true hauntings
Neal Stephenson,394,Snow Crash
C. J. Tudor,339,The Chalk Man: The Sunday Times bestseller. The most chilling book you'll read this year
Tsugumi Ohba,407,"Death Note, Vol. 1 (Volume 1): Boredom"
Cixin Liu,380,The Three-Body Problem
Max Brooks,371,Minecraft: The Island: An Official Minecraft Novel (Official Minecraft Novel 1)
J.K. Rowling,411,Harry Potter and the Chamber of Secrets – Ravenclaw Edition
Haruki Murakami,499,Dance Dance Dance
Kevin Missal,199,Mahayoddha Kalki: Sword of Shiva (Book 3)
Ann VanderMeer,440,"The Thackery T. Lambshead Cabinet of Curiosities: Exhibits, Oddities, Images, and Stories from Top Authors and Artists"
Kevin Missal,199,Dharmayoddha Kalki: Avatar of Vishnu (Book 1)
Kevin Missal,199,Dharmayoddha Kalki: Avatar of Vishnu (Book 1)
H. G. Wells,271,Twelve Stories And A Dream
Cassandra Clare,399,The Mortal Instruments 4: City of Fallen Angels
Isaac Asimov,293,Prelude to Foundation (Foundation 1)
C.S. Lewis,272,Prince Caspian (The Chronicles of Narnia)
Isaac Asimov,289,Second Foundation
Anita Krishan,249,Ghosts of The Silent Hills: Stories based on true hauntings
Neal Stephenson,394,Snow Crash
Ernest Cline,449,Ready Player One: The global bestseller and now a major Steven Spielberg movie
Shin Towada,499,Naruto: Sasuke's Story: Sunrise (Naruto Novels)
George R.R. Martin,396,A Knight of the Seven Kingdoms (Song of Ice & Fire Prequel)
Isaac Asimov,349,"I, Robot"
Ayn Rand,319,Atlas Shrugged (Penguin Modern Classics)
Kevin Missal,199,Mahayoddha Kalki: Sword of Shiva (Book 3)
Ann VanderMeer,440,"The Thackery T. Lambshead Cabinet of Curiosities: Exhibits, Oddities, Images, and Stories from Top Authors and Artists"
Kevin Missal,199,Dharmayoddha Kalki: Avatar of Vishnu (Book 1)
Kevin Missal,199,Dharmayoddha Kalki: Avatar of Vishnu (Book 1)
H. G. Wells,271,Twelve Stories And A Dream
Alistair MacLean,393,HMS Ulysses
Isaac Asimov,349,"I, Robot"
Ayn Rand,319,Atlas Shrugged (Penguin Modern Classics)
William Gibson,350,Neuromancer (Sprawl Trilogy)
Anita Krishan,249,Ghosts of The Silent Hills: Stories based on true hauntings
Neal Stephenson,394,Snow Crash
Sarah J. Maas,525,A Court of Wings and Ruin (A Court of Thorns and Roses)
Alexandra Christo,369,To Kill a Kingdom
Patrick Rothfuss,449,The Wise Man's Fear: The Kingkiller Chronicle: Book 2
Lars Kepler,351,"The Sandman (Joona Linna, Book 4)"
C.S. Lewis,188,The Magician's Nephew
Ruskin Bond,172,The Empty House
Kevin Missal,199,Mahayoddha Kalki: Sword of Shiva (Book 3)
Ann VanderMeer,440,"The Thackery T. Lambshead Cabinet of Curiosities: Exhibits, Oddities, Images, and Stories from Top Authors and Artists"
Kevin Missal,199,Dharmayoddha Kalki: Avatar of Vishnu (Book 1)
Kevin Missal,199,Dharmayoddha Kalki: Avatar of Vishnu (Book 1)
H. G. Wells,271,Twelve Stories And A Dream
James R. Tuck,312,Venom: Lethal Protector Prose Novel: 1 (Marvel Original Prose Novels)
Stephen King,401,Insomnia
Cassandra Clare,330,Infernal Devices: Clockwork Princess - Book 3 (The Infernal Devices)
Cassandra Clare,320,The Mortal Instruments 5: City of Lost Souls
Mikhail Bulgakov,394,The Master and Margarita (Vintage Classics)
Anita Krishan,249,Ghosts of The Silent Hills: Stories based on true hauntings
Neal Stephenson,394,Snow Crash
Lars Kepler,349,"The Nightmare: A heart-pounding, unmissable thriller from a No.1 international bestselling author (Joona Linna, Book 2)"
Jay Kristoff,699,Illuminae: The Illuminae Files: Book 1 (Illuminae Files 1)
Agatha Christie,269,The Last Séance : Tales of the Supernatural (Collins Chillers)
Krishna Udayasankar,156,Beast
Veronica Roth,235,Insurgent - Black Edition: Divergent Trilogy
Kevin Missal,199,Mahayoddha Kalki: Sword of Shiva (Book 3)
Ann VanderMeer,440,"The Thackery T. Lambshead Cabinet of Curiosities: Exhibits, Oddities, Images, and Stories from Top Authors and Artists"
Kevin Missal,199,Dharmayoddha Kalki: Avatar of Vishnu (Book 1)
Kevin Missal,199,Dharmayoddha Kalki: Avatar of Vishnu (Book 1)
H. G. Wells,271,Twelve Stories And A Dream
K. Hari Kumar,369,India's Most Haunted: Tales of Terrifying Places
Sanchit Garg,189,Whispers of Hate
Stephen King,431,Cujo
Marieke Lucas Rijneveld,615,The Discomfort of the Evening
Marian Keyes,607,Grown Ups: The Sunday Times No 1 Bestseller
Anita Krishan,249,Ghosts of The Silent Hills: Stories based on true hauntings
Neal Stephenson,394,Snow Crash
Chandra Kant Jaisansaria,165,I Miss You Love
Peter Swanson,509,Rules for Perfect Murders
Terry Pratchett,399,Mort: (Discworld Novel 4) (Discworld Novels)
James Allen,75,As A Man Thinketh
Arthur C. Clarke,340,2001: a Space Odyssey (Space Odyssey Series)
Kevin Missal,199,Mahayoddha Kalki: Sword of Shiva (Book 3)
Ann VanderMeer,440,"The Thackery T. Lambshead Cabinet of Curiosities: Exhibits, Oddities, Images, and Stories from Top Authors and Artists"
Kevin Missal,199,Dharmayoddha Kalki: Avatar of Vishnu (Book 1)
Kevin Missal,199,Dharmayoddha Kalki: Avatar of Vishnu (Book 1)
H. G. Wells,271,Twelve Stories And A Dream
Margaret Mitchell,247,Gone with the Wind
Marlon James,423,A Brief History of Seven Killings
Akira Higashiyama,539,Naruto: Kakashi's Story (Naruto Novels)
Neal Stephenson,394,Snow Crash
Jay Kristoff,399,"Nevernight (The Nevernight Chronicle, Book 1)"
Anand Neelakantan,269,Shivagami Kadha  Bahubali  Bhagam 1: The Rise Of Sivagami Telugu
Anita Krishan,249,Ghosts of The Silent Hills: Stories based on true hauntings
Neal Stephenson,394,Snow Crash
Steven Erikson,474,Gardens Of The Moon: (Malazan Book Of The Fallen 1) (The Malazan Book Of The Fallen)
Neil D’Silva,224,Yakshini
Shatrujeet Nath,288,Vikramaditya Veergatha Book 3 - The Vengeance of Indra
Robert Jordan,426,Lord Of Chaos: Book 6 of the Wheel of Time
Vikrant Khanna,131,The Girl Who Disappeared: What if the person you love goes missing mysteriously? (City Plans)
Running Press,775,Harry Potter Hogwarts Castle and Sticker Book: Lights Up! (RP Minis)
Stephen King,399,Desperation
Katherine Arden,415,The Winter of the Witch (Winternight Trilogy)
Kevin Missal,199,Mahayoddha Kalki: Sword of Shiva (Book 3)
Ann VanderMeer,440,"The Thackery T. Lambshead Cabinet of Curiosities: Exhibits, Oddities, Images, and Stories from Top Authors and Artists"
Kevin Missal,199,Dharmayoddha Kalki: Avatar of Vishnu (Book 1)
Kevin Missal,199,Dharmayoddha Kalki: Avatar of Vishnu (Book 1)
H. G. Wells,271,Twelve Stories And A Dream
Robert Jordan,426,Lord Of Chaos: Book 6 of the Wheel of Time
David Liss,551,Marvel's SPIDER-MAN: Hostile Takeover (Book)
Stephen King,399,Desperation
Katherine Arden,415,The Winter of the Witch (Winternight Trilogy)
Arthur C. Clarke,499,Rendezvous With Rama (S.F. Masterworks)
Leigh Bardugo,585,Ninth House
Anita Krishan,249,Ghosts of The Silent Hills: Stories based on true hauntings
Neal Stephenson,394,Snow Crash
Jay Kristoff,385,Darkdawn : The Nevernight Chronicle (3)
Becky Chambers,524,"The Long Way to a Small, Angry Planet: Wayfarers 1"
Lars Kepler,266,Stalker (Joona Linna)
George R.R. Martin,309,A Dance with Dragons: Dreams and Dust
Laura Purcell,225,The Corset: The captivating novel from the prize-winning author of The Silent Companions
Eric Luper,174,KEY HUNTERS #4: THE WIZARD'S WAR
James Dashner,220,Fever Code (Prequel Maze Runner) (Maze Runner Series)
Kevin Missal,199,Mahayoddha Kalki: Sword of Shiva (Book 3)
Ann VanderMeer,440,"The Thackery T. Lambshead Cabinet of Curiosities: Exhibits, Oddities, Images, and Stories from Top Authors and Artists"
Kevin Missal,199,Dharmayoddha Kalki: Avatar of Vishnu (Book 1)
Kevin Missal,199,Dharmayoddha Kalki: Avatar of Vishnu (Book 1)
H. G. Wells,271,Twelve Stories And A Dream
Cassandra Clare,475,Queen of Air and Darkness (The Dark Artifices)
Brandon Sanderson,756,Legion: The Many Lives of Stephen Leeds
Sarang Mahajan,145,INKREDIA Luwan of Brida
Brandon Sanderson,797,Starsight
Cixin Liu,400,The Dark Forest (The Three-Body Problem)
Marlon James,369,"Black Leopard, Red Wolf: Dark Star Trilogy Book 1"
Anita Krishan,249,Ghosts of The Silent Hills: Stories based on true hauntings
Neal Stephenson,394,Snow Crash
Masashi Kishimoto,959,Naruto Illustration Book
Nora Roberts,497,Dark Witch: 1 (The Cousins O’Dwyer Trilogy)
Andrzej Sapkowski,322,The Lady of the Lake: Witcher 5 – Now a major Netflix show (The Witcher)
Chandradip Paitandi,129,Almost Dark: A collection of 4 stories
Winston Groom,351,Forrest Gump
Kevin Missal,199,Mahayoddha Kalki: Sword of Shiva (Book 3)
Ann VanderMeer,440,"The Thackery T. Lambshead Cabinet of Curiosities: Exhibits, Oddities, Images, and Stories from Top Authors and Artists"
Kevin Missal,199,Dharmayoddha Kalki: Avatar of Vishnu (Book 1)
Kevin Missal,199,Dharmayoddha Kalki: Avatar of Vishnu (Book 1)
H. G. Wells,271,Twelve Stories And A Dream
Salman Rushdie,464,"East, West"
Sundari Venkatraman,141,The Smitten Husband (Marriages Made in India)
Chandradip Paitandi,129,Almost Dark: A collection of 4 stories
Brandon Sanderson,756,Legion: The Many Lives of Stephen Leeds
Marge Piercy,436,Woman on the Edge of Time: The classic feminist dystopian novel
Venu G Joshi,349,The Forbidden God
Anita Krishan,249,Ghosts of The Silent Hills: Stories based on true hauntings
Neal Stephenson,394,Snow Crash
George R.R. Martin,399,A Storm of Swords: Blood and Gold (A Song of Ice and Fire)
Pierce Brown,589,Red Rising: Red Rising Series 1
Robert Louis Stevenson,157,Dr Jekyll and Mr Hyde (Wordsworth Classics)
Kevin Missal,199,Mahayoddha Kalki: Sword of Shiva (Book 3)
Ann VanderMeer,440,"The Thackery T. Lambshead Cabinet of Curiosities: Exhibits, Oddities, Images, and Stories from Top Authors and Artists"
Kevin Missal,199,Dharmayoddha Kalki: Avatar of Vishnu (Book 1)
Kevin Missal,199,Dharmayoddha Kalki: Avatar of Vishnu (Book 1)
H. G. Wells,271,Twelve Stories And A Dream
Scott Reintgen,117,Nyxia: The Nyxia Triad
Ursula K. Le Guin,599,The Left Hand of Darkness (S.F. Masterworks)
Brandon Sanderson,479,Oathbringer Part Two: The Stormlight Archive Book Three
Pierce Brown,589,Red Rising: Red Rising Series 1
Anita Krishan,249,Ghosts of The Silent Hills: Stories based on true hauntings
Neal Stephenson,394,Snow Crash
Victoria Aveyard,600,Broken Throne
Robert Louis Stevenson,157,Dr Jekyll and Mr Hyde (Wordsworth Classics)
Robert Jordan,398,Winter's Heart: Book 9 of the Wheel of Time
Patrick Rothfuss,506,The Slow Regard of Silent Things: A Kingkiller Chronicle Novella (Kingkiller Chronicle 3)
Rob Scotton,141,Splat the Cat with a Bang and a Clang (I Can Read Level 1)
James Dashner,318,The Kill Order James Dashner
Stephen Fry,629,Troy: Our Greatest Story Retold (Stephen Fry’s Greek Myths)
Kevin Missal,199,Mahayoddha Kalki: Sword of Shiva (Book 3)
Ann VanderMeer,440,"The Thackery T. Lambshead Cabinet of Curiosities: Exhibits, Oddities, Images, and Stories from Top Authors and Artists"
Kevin Missal,199,Dharmayoddha Kalki: Avatar of Vishnu (Book 1)
Kevin Missal,199,Dharmayoddha Kalki: Avatar of Vishnu (Book 1)
H. G. Wells,271,Twelve Stories And A Dream
Robert Jordan,444,The Great Hunt: Book 2 of the Wheel of Time
Robert W. Chambers,209,The King in Yellow (Tales of Mystery & The Supernatural)
J.K. Rowling,449,Harry Potter and the Goblet of Fire – Ravenclaw Edition (Harry Potter House Editions)
Salman Rushdie,455,The Ground Beneath Her Feet
Kumar L,284,Earth to Centauri: Alien Hunt
Andrzej Sapkowski,"2,150","The Witcher Boxed Set: Blood of Elves, The Time of Contempt, Baptism of Fire"
Anita Krishan,249,Ghosts of The Silent Hills: Stories based on true hauntings
Neal Stephenson,394,Snow Crash
Stephen King,436,Dark Tower I: The Gunslinger: Film Tie-In (Dark Tower 1)
Naomi Alderman,359,The Power: WINNER OF THE WOMEN'S PRIZE FOR FICTION
Brandon Sanderson,463,Steelheart (The Reckoners)
Kevin Missal,199,Mahayoddha Kalki: Sword of Shiva (Book 3)
Ann VanderMeer,440,"The Thackery T. Lambshead Cabinet of Curiosities: Exhibits, Oddities, Images, and Stories from Top Authors and Artists"
Kevin Missal,199,Dharmayoddha Kalki: Avatar of Vishnu (Book 1)
Kevin Missal,199,Dharmayoddha Kalki: Avatar of Vishnu (Book 1)
H. G. Wells,271,Twelve Stories And A Dream
Ian McEwan,523,Machines Like Me
Robert Jordan,488,A Crown Of Swords: Book 7 of the Wheel of Time
Salman Rushdie,159,Home: Vintage Minis
Sandeep Sharma,99,The Stalker
Frances Hardinge,327,The Lie Tree (Old Edition)
Anita Krishan,249,Ghosts of The Silent Hills: Stories based on true hauntings
Neal Stephenson,394,Snow Crash
Mark Lawrence,359,Prince of Thorns (The Broken Empire)
Akashsiddarth,299,Beyond Infinity
Agatha Christie,265,The Mysterious Affair at Styles (Poirot)
James Patterson,450,Blindside: (Michael Bennett 12)
Al Sarrantonio,325,Stories
Neil Gaiman,319,Fragile Things
Shatrujeet Nath,297,Vikramaditya Veergatha Book 2 - The Conspiracy at Meru
Kevin Missal,199,Mahayoddha Kalki: Sword of Shiva (Book 3)
Ann VanderMeer,440,"The Thackery T. Lambshead Cabinet of Curiosities: Exhibits, Oddities, Images, and Stories from Top Authors and Artists"
Kevin Missal,199,Dharmayoddha Kalki: Avatar of Vishnu (Book 1)
Kevin Missal,199,Dharmayoddha Kalki: Avatar of Vishnu (Book 1)
H. G. Wells,271,Twelve Stories And A Dream
Haruki Murakami,527,Killing Commendatore
Leigh Bardugo,399,Siege and Storm: Book 2 (Shadow and Bone)
Bill Bryson,340,A Walk in the Woods
Neil D'Silva,260,Haunted: Terrifying Real-life Encounters with Ghosts and Spirits
Lars Kepler,376,"The Fire Witness: A shocking and spine-chilling thriller from the No.1 international bestselling author (Joona Linna, Book 3)"
George R.R. Martin,450,A Dance with Dragon: After the Feast - Part 2 (A Song of Ice and Fire)
Anita Krishan,249,Ghosts of The Silent Hills: Stories based on true hauntings
Neal Stephenson,394,Snow Crash
Josh Malerman,360,Bird Box Film tie-in edition
Paulo Coelho,289,Manuscript Found in Accra
Abir Mukherjee,469,Death in the East: Sam Wyndham Book 4
Ratnakar Matkari,267,Darkness
J.K. Rowling,410,Harry Potter and the Prisoner of Azkaban - Hufflepuff Edition (Harry Potter/Prisoner of Azkab)
Kevin Missal,199,Mahayoddha Kalki: Sword of Shiva (Book 3)
Ann VanderMeer,440,"The Thackery T. Lambshead Cabinet of Curiosities: Exhibits, Oddities, Images, and Stories from Top Authors and Artists"
Kevin Missal,199,Dharmayoddha Kalki: Avatar of Vishnu (Book 1)
Kevin Missal,199,Dharmayoddha Kalki: Avatar of Vishnu (Book 1)
H. G. Wells,271,Twelve Stories And A Dream
Steven Erikson,450,The Bonehunters: Malazan Book Of Fallen 6 (The Malazan Book Of The Fallen)
Lars Kepler,489,"The Hypnotist (Joona Linna, Book 1)"
ONE,837,Mob Psycho 100 Volume 1
Conn Iggulden,458,Lords of the Bow (Conqueror)
Devashish Sardana,199,The Apple: History's greatest mystery. Mankind's greatest theft.
Anita Krishan,249,Ghosts of The Silent Hills: Stories based on true hauntings
Neal Stephenson,394,Snow Crash
George Orwell,399,Penguin Classics Nineteen Eighty Four (Penguin Modern Classics)
Alistair MacLean,393,HMS Ulysses
Brandon Sanderson,449,Oathbringer Part One: The Stormlight Archive Book Three
J.R.R. Tolkien,800,Hobbit - Graphic Novel
Jacob Abbott,95,Alexander the Great
Kevin Missal,199,Mahayoddha Kalki: Sword of Shiva (Book 3)
Ann VanderMeer,440,"The Thackery T. Lambshead Cabinet of Curiosities: Exhibits, Oddities, Images, and Stories from Top Authors and Artists"
Kevin Missal,199,Dharmayoddha Kalki: Avatar of Vishnu (Book 1)
Kevin Missal,199,Dharmayoddha Kalki: Avatar of Vishnu (Book 1)
H. G. Wells,271,Twelve Stories And A Dream
Carolyn Keene,135,"Lights, Camera . . . Cats! (Volume 8) (Nancy Drew and the Clue Crew)"
Stephen Fry,629,Troy: Our Greatest Story Retold (Stephen Fry’s Greek Myths)
Isaac Asimov,266,The Naked Sun (Robot 2)
Orson Scott Card,499,Ender's Game: Book 1 of the Ender Saga
Bernardine Evaristo,439,"Mr Loverman: From the Booker prize-winning author of Girl, Woman, Other"
Margery Allingham,215,A Very Murderous Christmas: Ten Classic Crime Stories for the Festive Season (Murder at Christmas)
Bill Bryson,340,A Walk in the Woods
Anita Krishan,249,Ghosts of The Silent Hills: Stories based on true hauntings
Neal Stephenson,394,Snow Crash
Cormac McCarthy,467,The Road film tie-in
Isaac Asimov,424,The Complete Stories Volume I
Samit Basu,445,Simoqin Prophecies: Gameworld Trilogy 1
Frank Herbert,499,God Emperor Of Dune: The Fourth Dune Novel
Kevin Missal,199,Mahayoddha Kalki: Sword of Shiva (Book 3)
Ann VanderMeer,440,"The Thackery T. Lambshead Cabinet of Curiosities: Exhibits, Oddities, Images, and Stories from Top Authors and Artists"
Kevin Missal,199,Dharmayoddha Kalki: Avatar of Vishnu (Book 1)
Kevin Missal,199,Dharmayoddha Kalki: Avatar of Vishnu (Book 1)
H. G. Wells,271,Twelve Stories And A Dream
Marissa Meyer,373,Fairest: The Lunar Chronicles: Levana's Story
Lisa Genova,345,Still Alice
G. Willow Wilson,424,"Bird King, The"
James McBride,615,Deacon King Kong: The New York Times and Oprah's Book Club Pick
Anita Krishan,249,Ghosts of The Silent Hills: Stories based on true hauntings
Neal Stephenson,394,Snow Crash
Krishna Udayasankar,351,Kaurava: The Aryavarta Chronicles Book 2
Alexander Weinstein,685,Children of the New World: Stories
Kevin Missal,199,Mahayoddha Kalki: Sword of Shiva (Book 3)
Ann VanderMeer,440,"The Thackery T. Lambshead Cabinet of Curiosities: Exhibits, Oddities, Images, and Stories from Top Authors and Artists"
Kevin Missal,199,Dharmayoddha Kalki: Avatar of Vishnu (Book 1)
Kevin Missal,199,Dharmayoddha Kalki: Avatar of Vishnu (Book 1)
H. G. Wells,271,Twelve Stories And A Dream
G. Willow Wilson,424,"Bird King, The"
Richard Russo,599,Chances Are
Terry Pratchett,299,Men At Arms: (Discworld Novel 15) (Discworld Novels)
Sean Murphy,"1,385",Batman: White Knight
Krishna Udayasankar,351,Kaurava: The Aryavarta Chronicles Book 2
Anita Krishan,249,Ghosts of The Silent Hills: Stories based on true hauntings
Neal Stephenson,394,Snow Crash
Alexander Weinstein,685,Children of the New World: Stories
Kurt Vonnegut,494,Breakfast of Champions (reissue) (Vintage Classics)
George R. R. Martin,344,Fevre Dream: A Novel
Kevin Missal,199,Mahayoddha Kalki: Sword of Shiva (Book 3)
Ann VanderMeer,440,"The Thackery T. Lambshead Cabinet of Curiosities: Exhibits, Oddities, Images, and Stories from Top Authors and Artists"
Kevin Missal,199,Dharmayoddha Kalki: Avatar of Vishnu (Book 1)
Kevin Missal,199,Dharmayoddha Kalki: Avatar of Vishnu (Book 1)
H. G. Wells,271,Twelve Stories And A Dream
Oliver Bowden,100,Desert Oath: The Official Prequel to Assassin’s Creed Origins
Christopher Moore,298,Fool: A Novel
Isaac Asimov,323,The Gods Themselves (Nemesis Bantam Spectra Book)
George R.R. Martin,339,A Feast for Crows (A Song of Ice and Fire)
John Milton,112,Paradise Lost
Reki Kawahara,713,Sword Art Online 1: Aincrad (Novel)
Anita Krishan,249,Ghosts of The Silent Hills: Stories based on true hauntings
Neal Stephenson,394,Snow Crash
Helen Oyeyemi,499,What Is Not Yours Is Not Yours
Robert Jordan,413,The Shadow Rising: Book 4 of the Wheel of Time
Kevin Missal,199,Mahayoddha Kalki: Sword of Shiva (Book 3)
Ann VanderMeer,440,"The Thackery T. Lambshead Cabinet of Curiosities: Exhibits, Oddities, Images, and Stories from Top Authors and Artists"
Kevin Missal,199,Dharmayoddha Kalki: Avatar of Vishnu (Book 1)
Kevin Missal,199,Dharmayoddha Kalki: Avatar of Vishnu (Book 1)
H. G. Wells,271,Twelve Stories And A Dream
Taran Matharu,258,The Inquisition: Book 2 (Summoner)
A. S. Byatt,499,Ragnarok (Canons)
Krishna Sudhir,299,Prince of Typgar: Nujran and the Corpse in the Quadrangle
John Gwynne,440,Ruin (The Faithful and the Fallen)
Stephen King,199,Dreamcatcher
N. K. Jemisin,675,"The Stone Sky: The Broken Earth, Book 3, WINNER OF THE HUGO AWARD 2018 (Broken Earth Trilogy)"
William Gibson,539,Count Zero (The Neuromancer Trilogy)
Anita Krishan,249,Ghosts of The Silent Hills: Stories based on true hauntings
Neal Stephenson,394,Snow Crash
Hiroyuki Asada,439,"Tegami Bachi, Vol. 19 (Volume 19): Akatsuki, The Capital"
Stephen King,410,Nightmares and Dreamscapes
John Gwynne,450,Valour (The Faithful and the Fallen)
Isaac Asimov,395,The Robots of Dawn (The Robot Series)
Hugh Howey,349,Wool (Wool Trilogy)
Kevin Missal,199,Mahayoddha Kalki: Sword of Shiva (Book 3)
Ann VanderMeer,440,"The Thackery T. Lambshead Cabinet of Curiosities: Exhibits, Oddities, Images, and Stories from Top Authors and Artists"
Kevin Missal,199,Dharmayoddha Kalki: Avatar of Vishnu (Book 1)
Kevin Missal,199,Dharmayoddha Kalki: Avatar of Vishnu (Book 1)
H. G. Wells,271,Twelve Stories And A Dream
Stephen King,199,Dreamcatcher
Hiroyuki Asada,439,"Tegami Bachi, Vol. 19 (Volume 19): Akatsuki, The Capital"
Srishti Rathour,332,The Missing City
Stephen King,410,Nightmares and Dreamscapes
John Gwynne,450,Valour (The Faithful and the Fallen)
George R.R. Martin,399,A Storm of Swords: Blood and Gold (A Song of Ice and Fire)
Hugh Howey,349,Wool (Wool Trilogy)
Anita Krishan,249,Ghosts of The Silent Hills: Stories based on true hauntings
Neal Stephenson,394,Snow Crash
James Dashner,225,The Maze Runner (Maze Runner Series)
Stuart Moore,340,Marvel Novels - Thanos: Death Sentence
Shatrujeet Nath,291,Vikramaditya Veergatha Book 1 - The Guardians of the Halahala
Kevin Missal,199,Mahayoddha Kalki: Sword of Shiva (Book 3)
Ann VanderMeer,440,"The Thackery T. Lambshead Cabinet of Curiosities: Exhibits, Oddities, Images, and Stories from Top Authors and Artists"
Kevin Missal,199,Dharmayoddha Kalki: Avatar of Vishnu (Book 1)
Kevin Missal,199,Dharmayoddha Kalki: Avatar of Vishnu (Book 1)
H. G. Wells,271,Twelve Stories And A Dream
Stephen King,335,Doctor Sleep: Film Tie-In (The Shining)
Geoff Johns,"1,199",Blackest Night
Manjula Padmanabhan,336,Harvest
Neil Gaiman,494,Trigger Warning: Short Fictions and Disturbances
Garth Ennis,"1,154",Preacher Book One
Anita Krishan,249,Ghosts of The Silent Hills: Stories based on true hauntings
Neal Stephenson,394,Snow Crash
Orson Scott Card,556,Speaker for the Dead: Book 2 of the Ender Saga (Ender's Game)
Bill Willingham,988,Fables Vol. 4: March of the Wooden Soldiers (Fables (Graphic Novels))
Dale Carnegie,92,How To Enjoy Your Life And Your Job (English)
Steve Perry,279,"The Complete Aliens Omnibus: Volume One (Earth Hive, Nightmare Asylum, The Female War): (Earth Hive, Nightmare Asylum, The Female War) - Vol. 1"
Kevin Missal,199,Mahayoddha Kalki: Sword of Shiva (Book 3)
Ann VanderMeer,440,"The Thackery T. Lambshead Cabinet of Curiosities: Exhibits, Oddities, Images, and Stories from Top Authors and Artists"
Kevin Missal,199,Dharmayoddha Kalki: Avatar of Vishnu (Book 1)
Kevin Missal,199,Dharmayoddha Kalki: Avatar of Vishnu (Book 1)
H. G. Wells,271,Twelve Stories And A Dream
Stephen King,385,The Dark Tower IV: Wizard and Glass: (Volume 4)
Brian Jacques,711,Redwall: 30th Anniversary Edition
Robert Jordan,550,The Fires Of Heaven: Book 5 of the Wheel of Time
Robert Kirkman,679,The Walking Dead Volume 5: The Best Defense: 05
Arkady Strugatsky,550,The Doomed City (S.F. Masterworks)
Stephen King,317,Skeleton Crew: featuring The Mist
Anita Krishan,249,Ghosts of The Silent Hills: Stories based on true hauntings
Neal Stephenson,394,Snow Crash
Robert Jordan,413,A Memory Of Light: Book 14 of the Wheel of Time
Philip K. Dick,374,A Maze of Death (S.F. Masterworks)
Christine Feehan,697,Dark Gold: A Carpathian Novel (Dark Series)
Kevin Missal,199,Mahayoddha Kalki: Sword of Shiva (Book 3)
Ann VanderMeer,440,"The Thackery T. Lambshead Cabinet of Curiosities: Exhibits, Oddities, Images, and Stories from Top Authors and Artists"
Kevin Missal,199,Dharmayoddha Kalki: Avatar of Vishnu (Book 1)
Kevin Missal,199,Dharmayoddha Kalki: Avatar of Vishnu (Book 1)
H. G. Wells,271,Twelve Stories And A Dream
Eiichiro Oda,856,"One Piece: Ace's Story, Vol. 2: New World (Volume 2) (One Piece Novels)"
Brajesh Chikharam,150,The Easy Land: Without Money Land
Ben Okri,429,The Famished Road: Booker Prize Winner 1991 (The Famished Road Trilogy)
Geronimo Stilton,276,"Hug a Tree, Geronimo (Geronimo Stilton #69)"
Isaac Asimov,298,The Rest of the Robots
Anita Krishan,249,Ghosts of The Silent Hills: Stories based on true hauntings
Neal Stephenson,394,Snow Crash
Kurt Vonnegut,494,Breakfast of Champions (reissue) (Vintage Classics)
Srishti Rathour,332,The Missing City
Krishna Udayasankar,328,Kurukshetra: The Aryavarta Chronicles Book 3
Tom King,835,Batman Vol. 1: I Am Gotham (Rebirth)
Stephen King,335,Doctor Sleep: Film Tie-In (The Shining)
Kevin Missal,199,Mahayoddha Kalki: Sword of Shiva (Book 3)
Ann VanderMeer,440,"The Thackery T. Lambshead Cabinet of Curiosities: Exhibits, Oddities, Images, and Stories from Top Authors and Artists"
Sundari Venkatraman,159,His Drunken Wife (Marriages Made in India)
Sundari Venkatraman,159,His Drunken Wife (Marriages Made in India)
Neil Gaiman,524,Anansi Boys
Sean Murphy,"1,385",Batman: White Knight
Harish Bhat,266,An Extreme Love of Coffee: A Novel
Neil Gaiman,999,Black Orchid
Sundari Venkatraman,184,The Runaway Bridegroom (Marriages Made in India)
John le Carré,299,The Spy Who Came in from the Cold: The Smiley Collection
Isaac Asimov,345,Foundation and Earth (Foundation 7)
Kevin Missal,199,Dharmayoddha Kalki: Avatar of Vishnu (Book 1)
Kevin Missal,199,Dharmayoddha Kalki: Avatar of Vishnu (Book 1)
H. G. Wells,271,Twelve Stories And A Dream
Richard Russo,599,Chances Are
Joshua Williamson,794,The Flash Vol. 1: Lightning Strikes Twice (Rebirth)
Joanne M Harris,465,The Gospel of Loki (Runes Novels)
Geoff Johns,"1,199",Blackest Night
Franklin W. Dixon,195,Forever Lost: Book Three in the Lost Mystery Trilogy (Volume 36) (Hardy Boys (All New) Undercover Brothers)
Anita Krishan,249,Ghosts of The Silent Hills: Stories based on true hauntings
Neal Stephenson,394,Snow Crash
Reki Kawahara,713,Sword Art Online 1: Aincrad (Novel)
Jessica West,794,Tales from the Canyons of the Damned: No. 36
Farahad Zama,509,The Wedding Wallah: Number 3 in series (Marriage Bureau For Rich People)
Robert Jordan,413,The Path Of Daggers: Book 8 of the Wheel of Time
Kevin Missal,199,Mahayoddha Kalki: Sword of Shiva (Book 3)
Ann VanderMeer,440,"The Thackery T. Lambshead Cabinet of Curiosities: Exhibits, Oddities, Images, and Stories from Top Authors and Artists"
Kevin Missal,199,Dharmayoddha Kalki: Avatar of Vishnu (Book 1)
Kevin Missal,199,Dharmayoddha Kalki: Avatar of Vishnu (Book 1)
H. G. Wells,271,Twelve Stories And A Dream
Nan Umrigar,296,Listening To The Silence
Isaac Asimov,339,Robots and Empire (Robot 4)
Vishwas Mudagal,279,The Last Avatar (Age of Kalki #1)
Eiichiro Oda,781,"One Piece: Ace's Story, Vol. 1: Formation of the Spade Pirates (Volume 1) (One Piece Novels)"
Leonard Cohen,499,The Flame
Anita Krishan,249,Ghosts of The Silent Hills: Stories based on true hauntings
Neal Stephenson,394,Snow Crash
Hermann Hesse,454,Steppenwolf (Penguin Modern Classics)
Terry Pratchett,299,Men At Arms: (Discworld Novel 15) (Discworld Novels)
Michael Crichton,248,State of Fear
Jeff VanderMeer,960,The Southern Reach Trilogy
Kevin Missal,199,Mahayoddha Kalki: Sword of Shiva (Book 3)
Ann VanderMeer,440,"The Thackery T. Lambshead Cabinet of Curiosities: Exhibits, Oddities, Images, and Stories from Top Authors and Artists"
Kevin Missal,199,Dharmayoddha Kalki: Avatar of Vishnu (Book 1)
Kevin Missal,199,Dharmayoddha Kalki: Avatar of Vishnu (Book 1)
H. G. Wells,271,Twelve Stories And A Dream
Curtis Sittenfeld,629,Rodham: What if Hillary hadn’t married Bill?: The Sunday Times Bestseller
Neil Gaiman,374,"Smoke and Mirrors: includes 'Chivalry', this year's Radio 4 Neil Gaiman Christmas special"
Alexandre Dumas,324,The Three Musketeers (Penguin Classics)
Joseph Conrad,150,Lord Jim
Adrienne Kress,798,"Dreams Come to Life (Bendy and the Ink Machine, book 1)"
Anita Krishan,249,Ghosts of The Silent Hills: Stories based on true hauntings
Neal Stephenson,394,Snow Crash
Clive Cussler,179,Black Wind: Dirk Pitt #18 (The Dirk Pitt Adventures)
George R.R. Martin,550,The Official A Game of Thrones - Colouring Book
Yudhanjaya Wijeratne,289,The Inhuman Race (Commonwealth Empire #1)
Natsume Akatsuki,771,"Konosuba: God's Blessing on This Wonderful World!, Vol. 1 (Novel): Oh! My Useless Goddess! (Konosuba (light novel) (1))"
Manjiri Prabhu,253,The Cosmic Clues
Kevin Missal,199,Mahayoddha Kalki: Sword of Shiva (Book 3)
Ann VanderMeer,440,"The Thackery T. Lambshead Cabinet of Curiosities: Exhibits, Oddities, Images, and Stories from Top Authors and Artists"
Kevin Missal,199,Dharmayoddha Kalki: Avatar of Vishnu (Book 1)
Kevin Missal,199,Dharmayoddha Kalki: Avatar of Vishnu (Book 1)
H. G. Wells,271,Twelve Stories And A Dream
Kumar L,249,Earth to Centauri: The First Journey
J.R.R. Tolkien,527,Unfinished Tales
Manjiri Prabhu,253,The Cosmic Clues
Lauren Oliver,99,Requiem (Delirium Trilogy 3)
Anita Krishan,249,Ghosts of The Silent Hills: Stories based on true hauntings
Neal Stephenson,394,Snow Crash
Deborah Rodriguez,377,The Zanzibar Wife: The new novel from the internationally bestselling author of The Little Coffee Shop of Kabul
Dale Carnegie,92,How To Enjoy Your Life And Your Job (English)
Charlie Jane Anders,542,The City in the Middle of the Night
Lars Kepler,489,"The Hypnotist (Joona Linna, Book 1)"
Kevin Missal,199,Mahayoddha Kalki: Sword of Shiva (Book 3)
Ann VanderMeer,440,"The Thackery T. Lambshead Cabinet of Curiosities: Exhibits, Oddities, Images, and Stories from Top Authors and Artists"
Kevin Missal,199,Dharmayoddha Kalki: Avatar of Vishnu (Book 1)
Kevin Missal,199,Dharmayoddha Kalki: Avatar of Vishnu (Book 1)
H. G. Wells,271,Twelve Stories And A Dream
Gakuto Mikumo,297,"Strike the Blood, Vol. 1 (Novel): The Right Arm of the Saint"
Ursula K. Le Guin,611,Changing Planes
Graham Greene,444,The Power and the Glory (Vintage Classics)
Anita Krishan,249,Ghosts of The Silent Hills: Stories based on true hauntings
Neal Stephenson,394,Snow Crash
Christopher Tolkien,520,"The War of the Ring (The History of Middle-earth, Book 8)"
Pittacus Lore,334,I am Number Four (Film Tie-in): (Lorien Legacies Book 1) (The Lorien Legacies)
Sophie Kinsella,331,I Owe You One: The Number One Sunday Times Bestseller
Kevin Missal,199,Mahayoddha Kalki: Sword of Shiva (Book 3)
Ann VanderMeer,440,"The Thackery T. Lambshead Cabinet of Curiosities: Exhibits, Oddities, Images, and Stories from Top Authors and Artists"
Kevin Missal,199,Dharmayoddha Kalki: Avatar of Vishnu (Book 1)
Kevin Missal,199,Dharmayoddha Kalki: Avatar of Vishnu (Book 1)
H. G. Wells,271,Twelve Stories And A Dream
Aurijit Ganguli,250,The Shambala Sutras
Edgar Allan Poe,199,Tales of Mystery and Imagination (Collins Classics)
Agustina Bazterrica,444,Tender is the Flesh
Scott Lynch,449,"The Republic of Thieves: The Gentleman Bastard Sequence, Book Three"
Anita Krishan,249,Ghosts of The Silent Hills: Stories based on true hauntings
Neal Stephenson,394,Snow Crash
Robert Jordan,488,Knife Of Dreams: Book 11 of the Wheel of Time
Isaac Asimov,299,The Robots of Dawn (Robot 3)
Kevin Missal,199,Mahayoddha Kalki: Sword of Shiva (Book 3)
Ann VanderMeer,440,"The Thackery T. Lambshead Cabinet of Curiosities: Exhibits, Oddities, Images, and Stories from Top Authors and Artists"
Kevin Missal,199,Dharmayoddha Kalki: Avatar of Vishnu (Book 1)
Kevin Missal,199,Dharmayoddha Kalki: Avatar of Vishnu (Book 1)
H. G. Wells,271,Twelve Stories And A Dream
Robert Jordan,488,Knife Of Dreams: Book 11 of the Wheel of Time
Brian Jacques,711,Redwall: 30th Anniversary Edition
Maria V. Snyder,208,Poison Study (Study Series)
Krishna Udayasankar,269,Govinda: The Aryavarta Chronicles Book 1
George R.R. Martin,550,The Official A Game of Thrones - Colouring Book
Anita Krishan,249,Ghosts of The Silent Hills: Stories based on true hauntings
Neal Stephenson,394,Snow Crash
Maple Press,236,Selected Ghost Stories (Children Classics)
Garth Ennis,"1,154",Preacher Book One
Stephen King,424,"Full Dark, No Stars: featuring 1922, now a Netflix film"
Alan Garner,402,The Weirdstone of Brisingamen
Tasha Suri,245,Empire of Sand (The Books of Ambha)
Kevin Missal,199,Mahayoddha Kalki: Sword of Shiva (Book 3)
Ann VanderMeer,440,"The Thackery T. Lambshead Cabinet of Curiosities: Exhibits, Oddities, Images, and Stories from Top Authors and Artists"
Kevin Missal,199,Dharmayoddha Kalki: Avatar of Vishnu (Book 1)
Kevin Missal,199,Dharmayoddha Kalki: Avatar of Vishnu (Book 1)
H. G. Wells,271,Twelve Stories And A Dream
Brent Weeks,566,The Black Prism: Book 1 of Lightbringer
Ali Smith,629,Summer (Seasonal Quartet)
Sheridan Le Fanu,209,Madam Crowl's Ghost & Other Stories (Tales of Mystery & The Supernatural)
Joe Dunthorne,394,Submarine (Penguin Essentials)
Wray Delaney,319,An Almond for a Parrot
Nicki Thornton,473,The Bad Luck Lighthouse (Seth Seppi Mystery)
Anita Krishan,249,Ghosts of The Silent Hills: Stories based on true hauntings
Neal Stephenson,394,Snow Crash
Shinie Antony,89,Boo: 13 Stories That Will Send a Chill Down Your Spine
J. G. Ballard,493,The Atrocity Exhibition
Stephen King,399,Sleeping Beauties
Terry Pratchett,225,Thief Of Time: (Discworld Novel 26) (Discworld Novels)
Robert Louis Stevenson,166,Strange Case of Dr Jekyll and Mr Hyde and Other Tales (Oxford World's Classics)
Kevin Missal,199,Mahayoddha Kalki: Sword of Shiva (Book 3)
Ann VanderMeer,440,"The Thackery T. Lambshead Cabinet of Curiosities: Exhibits, Oddities, Images, and Stories from Top Authors and Artists"
Kevin Missal,199,Dharmayoddha Kalki: Avatar of Vishnu (Book 1)
Kevin Missal,199,Dharmayoddha Kalki: Avatar of Vishnu (Book 1)
H. G. Wells,271,Twelve Stories And A Dream
Shinie Antony,89,Boo: 13 Stories That Will Send a Chill Down Your Spine
J. G. Ballard,493,The Atrocity Exhibition
Stephen King,399,Sleeping Beauties
Robert Louis Stevenson,166,Strange Case of Dr Jekyll and Mr Hyde and Other Tales (Oxford World's Classics)
Joe Hill,522,Strange Weather
Anita Krishan,249,Ghosts of The Silent Hills: Stories based on true hauntings
Neal Stephenson,394,Snow Crash
Aurijit Ganguli,250,The Shambala Sutras
H.G. Wells,123,The Invisible Man (Penguin Classics)
Nora Roberts,299,Bay of Sighs (Guardians Trilogy)
Terry Pratchett,220,Jingo: (Discworld Novel 21) (Discworld Novels)
Kevin Missal,199,Mahayoddha Kalki: Sword of Shiva (Book 3)
Ann VanderMeer,440,"The Thackery T. Lambshead Cabinet of Curiosities: Exhibits, Oddities, Images, and Stories from Top Authors and Artists"
Kevin Missal,199,Dharmayoddha Kalki: Avatar of Vishnu (Book 1)
Kevin Missal,199,Dharmayoddha Kalki: Avatar of Vishnu (Book 1)
H. G. Wells,271,Twelve Stories And A Dream
Namwali Serpell,310,"Old Drift, The"
Nag Mani,195,Devi
Anita Krishan,249,Ghosts of The Silent Hills: Stories based on true hauntings
Neal Stephenson,394,Snow Crash
Terry Pratchett,359,The Truth: (Discworld Novel 25) (Discworld Novels)
Stephen King,445,Night Shift
Isaac Asimov,399,Nightfall (Bantam Spectra Book)
N. K. Jemisin,699,"The Obelisk Gate: The Broken Earth, Book 2, WINNER OF THE HUGO AWARD 2017 (Broken Earth Trilogy)"
Sarah Pinborough,295,The Death House
Kevin Missal,199,Mahayoddha Kalki: Sword of Shiva (Book 3)
Ann VanderMeer,440,"The Thackery T. Lambshead Cabinet of Curiosities: Exhibits, Oddities, Images, and Stories from Top Authors and Artists"
Kevin Missal,199,Dharmayoddha Kalki: Avatar of Vishnu (Book 1)
Kevin Missal,199,Dharmayoddha Kalki: Avatar of Vishnu (Book 1)
H. G. Wells,271,Twelve Stories And A Dream
Kim Stanley Robinson,784,Sixty Days and Counting (Science in the Capital)
Yoshiki Tanaka,594,"Legend of the Galactic Heroes, Vol. 4 (Volume 4)"
Willy Russell,167,The Wrong Boy
Gaston Leroux,199,The Phantom of the Opera (Collins Classics)
Saad Z. Hossain,289,The Gurkha and the Lord of Tuesday
Seth Grahame-Smith,307,Abraham Lincoln Vampire Hunter
Anita Krishan,249,Ghosts of The Silent Hills: Stories based on true hauntings
Neal Stephenson,394,Snow Crash
R.L. Stine,142,Revenge of the Lawn Gnomes (Goosebumps)
Paul Cornell,898,Saucer Country Vol. 1: Run
J.R.R. Tolkien,217,Leaf by Niggle
William Goldman,566,The Princess Bride: S. Morgenstern's Classic Tale of True Love and High Adventure
Kevin Missal,199,Mahayoddha Kalki: Sword of Shiva (Book 3)
Ann VanderMeer,440,"The Thackery T. Lambshead Cabinet of Curiosities: Exhibits, Oddities, Images, and Stories from Top Authors and Artists"
Kevin Missal,199,Dharmayoddha Kalki: Avatar of Vishnu (Book 1)
Kevin Missal,199,Dharmayoddha Kalki: Avatar of Vishnu (Book 1)
H. G. Wells,271,Twelve Stories And A Dream
R.L. Stine,142,Revenge of the Lawn Gnomes (Goosebumps)
Kester Grant,569,"The Court of Miracles (The Court of Miracles Trilogy, Book 1)"
J.R.R. Tolkien,217,Leaf by Niggle
Dale Carnegie,125,The Quick & Easy Way To Effective Speaking (English)
Anita Krishan,249,Ghosts of The Silent Hills: Stories based on true hauntings
Neal Stephenson,394,Snow Crash
Terry Pratchett,225,Thief Of Time: (Discworld Novel 26) (Discworld Novels)
Brandon Sanderson,538,Firefight: A Reckoners Novel (The Reckoners)
Robert Jordan,576,New Spring: A Wheel of Time Prequel
Lisa Jewell,629,Invisible Girl: The new novel from the number one bestselling author of The Family Upstairs: Discover the bestselling new thriller from the author of The Family Upstairs
Kevin Missal,199,Mahayoddha Kalki: Sword of Shiva (Book 3)
Ann VanderMeer,440,"The Thackery T. Lambshead Cabinet of Curiosities: Exhibits, Oddities, Images, and Stories from Top Authors and Artists"
Kevin Missal,199,Dharmayoddha Kalki: Avatar of Vishnu (Book 1)
Kevin Missal,199,Dharmayoddha Kalki: Avatar of Vishnu (Book 1)
H. G. Wells,271,Twelve Stories And A Dream
Nora Roberts,327,Island of Glass (Guardians Trilogy)
Nag Mani,195,Devi
Franz Kafka,355,The Unhappiness of Being a Single Man: Essential Stories (Pushkin Collection)
Joanne Harris,100,Chocolat
C.S. Lewis,262,The Horse and His Boy (The Chronicles of Narnia)
Anita Krishan,249,Ghosts of The Silent Hills: Stories based on true hauntings
Neal Stephenson,394,Snow Crash
Wilkie Collins,319,The Moonstone (Penguin Classics)
Leon Uris,347,Mila 18
Kevin Missal,199,Mahayoddha Kalki: Sword of Shiva (Book 3)
Ann VanderMeer,440,"The Thackery T. Lambshead Cabinet of Curiosities: Exhibits, Oddities, Images, and Stories from Top Authors and Artists"
Kevin Missal,199,Dharmayoddha Kalki: Avatar of Vishnu (Book 1)
Kevin Missal,199,Dharmayoddha Kalki: Avatar of Vishnu (Book 1)
H. G. Wells,271,Twelve Stories And A Dream
Jasper Fforde,453,The Eyre Affair: Thursday Next Book 1
David Mitchell,385,The Bone Clocks
Tsugumi Ohba,374,"Death Note, Vol. 3 (Volume 3): Hard Run"
Terry Pratchett,150,Monstrous Regiment: (Discworld Novel 31) (Discworld Novels)
Terry Pratchett,195,Carpe Jugulum: (Discworld Novel 23) (Discworld Novels)
J. D. Robb,498,Judgement In Death
Anita Krishan,249,Ghosts of The Silent Hills: Stories based on true hauntings
Neal Stephenson,394,Snow Crash
Andaleeb Wajid,164,House of Screams
Stephen King,399,The Bazaar of Bad Dreams
Sarah J. Maas,589,A Court of Silver Flames (A Court of Thorns and Roses)
Tsugumi Ohba,419,"Death Note, Vol. 5 (Volume 5): Whiteout"
Kevin Missal,199,Mahayoddha Kalki: Sword of Shiva (Book 3)
Ann VanderMeer,440,"The Thackery T. Lambshead Cabinet of Curiosities: Exhibits, Oddities, Images, and Stories from Top Authors and Artists"
Kevin Missal,199,Dharmayoddha Kalki: Avatar of Vishnu (Book 1)
Kevin Missal,199,Dharmayoddha Kalki: Avatar of Vishnu (Book 1)
H. G. Wells,271,Twelve Stories And A Dream
Harlan Coben,159,"Miracle Cure: They were looking for a miracle cure, but instead they found a killer... (Old Edition)"
Graham Greene,371,The Heart of the Matter
Franklin W. Dixon,144,Ghost Stories (Hardy Boys)
Brandon Sanderson,529,Calamity (The Reckoners)
Anita Krishan,249,Ghosts of The Silent Hills: Stories based on true hauntings
Neal Stephenson,394,Snow Crash
Nathaniel Hawthorne,236,A Wonder Book for Girls and Boys: A Retelling of Greek Myths
Richelle Mead,435,Storm Born (Dark Swan 1)
Stephanie Garber,560,Legendary: The magical Sunday Times bestselling sequel to Caraval
Terry Pratchett,259,Wyrd Sisters: (Discworld Novel 6) (Discworld Novels)
Kevin Missal,199,Mahayoddha Kalki: Sword of Shiva (Book 3)
Ann VanderMeer,440,"The Thackery T. Lambshead Cabinet of Curiosities: Exhibits, Oddities, Images, and Stories from Top Authors and Artists"
Kevin Missal,199,Dharmayoddha Kalki: Avatar of Vishnu (Book 1)
Kevin Missal,199,Dharmayoddha Kalki: Avatar of Vishnu (Book 1)
H. G. Wells,271,Twelve Stories And A Dream
David Mitchell,385,The Bone Clocks
J. R. R. Tolkien,474,"Beowulf: A Translation and Commentary, together with Sellic Spell"
Scott Snyder,"1,500",Batman: The Court of Owls Mask and Book Set (The New 52) (Batman: the New 52)
Anita Krishan,249,Ghosts of The Silent Hills: Stories based on true hauntings
Neal Stephenson,394,Snow Crash
R.L. Stine,213,Cry of The Cat (Goosebumps Series 2000 - 1)
Peter David,"1,223",Aquaman by Peter David Book One
Jasper Fforde,453,The Eyre Affair: Thursday Next Book 1
Kevin Missal,199,Mahayoddha Kalki: Sword of Shiva (Book 3)
Ann VanderMeer,440,"The Thackery T. Lambshead Cabinet of Curiosities: Exhibits, Oddities, Images, and Stories from Top Authors and Artists"
Kevin Missal,199,Dharmayoddha Kalki: Avatar of Vishnu (Book 1)
Kevin Missal,199,Dharmayoddha Kalki: Avatar of Vishnu (Book 1)
H. G. Wells,271,Twelve Stories And A Dream
Nora Roberts,359,Of Blood and Bone (Chronicles of The One)
Nora Roberts,599,The Rise of Magicks (Chronicles of The One)
Julio Cortázar,579,Hopscotch (Vintage Classics)
Laini Taylor,498,Muse of Nightmares: the magical sequel to Strange the Dreamer
Anita Krishan,249,Ghosts of The Silent Hills: Stories based on true hauntings
Neal Stephenson,394,Snow Crash
Mark Lawrence,481,"Grey Sister (Book of the Ancestor, Book 2)"
H. G. Wells,132,The Country of the Blind: and Other Science-Fiction Stories (Dover Thrift Editions)
Sivakumar S,150,Major Rudraksha
Moss Roberts,836,Chinese Fairy Tales and Fantasies (The Pantheon Fairy Tale and Folklore Library)
Terry Pratchett,134,Long War (Long Earth): (Long Earth 2)
Takashi Yano,436,Naruto: Shikamaru's Story (Naruto Novels)
Robert Kirkman,535,Outcast by Kirkman & Azaceta Volume 1: A Darkness Surrounds Him
Kevin Missal,199,Mahayoddha Kalki: Sword of Shiva (Book 3)
Ann VanderMeer,440,"The Thackery T. Lambshead Cabinet of Curiosities: Exhibits, Oddities, Images, and Stories from Top Authors and Artists"
Kevin Missal,199,Dharmayoddha Kalki: Avatar of Vishnu (Book 1)
Kevin Missal,199,Dharmayoddha Kalki: Avatar of Vishnu (Book 1)
H. G. Wells,271,Twelve Stories And A Dream
Alejandro Jodorowsky,"2,288",The Incal
Bernard Cornwell,190,Sharpe’s Prey
VJ James,239,Chorashastra
Virginia Woolf,114,A Room of One’s Own
Isaac Asimov,395,Nemesis
C. J. Tudor,331,The Taking of Annie Thorne: 'Britain's female Stephen King'  Daily Mail
Anita Krishan,249,Ghosts of The Silent Hills: Stories based on true hauntings
Neal Stephenson,394,Snow Crash
F. Marion Crawford,209,The Witch of Prague & Other Stories (Tales of Mystery & The Supernatural)
Frances Hodgson Burnett,150,The Secret Garden
Akira Toriyama,499,Jaco the Galactic Patrolman: Volume 1
Cixin Liu,300,The Wandering Earth
Richard Bachman,359,Thinner
Gwenda Bond,258,Stranger Things: Suspicious Minds
P. D. James,299,The Children of Men
Kevin Missal,199,Mahayoddha Kalki: Sword of Shiva (Book 3)
Ann VanderMeer,440,"The Thackery T. Lambshead Cabinet of Curiosities: Exhibits, Oddities, Images, and Stories from Top Authors and Artists"
Kevin Missal,199,Dharmayoddha Kalki: Avatar of Vishnu (Book 1)
Kevin Missal,199,Dharmayoddha Kalki: Avatar of Vishnu (Book 1)
H. G. Wells,271,Twelve Stories And A Dream
J.R.R. Tolkien,498,Tales from the Perilous Real: Roverandom and Other Classic Faery Stories
Scott Snyder,899,Batman Vol. 8: Superheavy (The New 52)
Veronica Roth,399,"Allegiant (Divergent, Book 3)"
Georges Simenon,298,Maigret and Monsieur Charles: Inspector Maigret #75
Anita Krishan,249,Ghosts of The Silent Hills: Stories based on true hauntings
Neal Stephenson,394,Snow Crash
James Herbert,384,The Rats (The Rats Trilogy)
Joseph Staten,333,Halo: Contact Harvest (Kilo-Five Series (Halo))
Lian Hearn,370,Brilliance of the Moon (Tales of the Otori)
Dale Carnegie,89,The Leader In You (English)
Kevin Missal,199,Mahayoddha Kalki: Sword of Shiva (Book 3)
Ann VanderMeer,440,"The Thackery T. Lambshead Cabinet of Curiosities: Exhibits, Oddities, Images, and Stories from Top Authors and Artists"
Kevin Missal,199,Dharmayoddha Kalki: Avatar of Vishnu (Book 1)
Kevin Missal,199,Dharmayoddha Kalki: Avatar of Vishnu (Book 1)
H. G. Wells,271,Twelve Stories And A Dream
Lian Hearn,370,Brilliance of the Moon (Tales of the Otori)
Dale Carnegie,89,The Leader In You (English)
Virginia Woolf,114,A Room of One’s Own
Cixin Liu,300,The Wandering Earth
J. D. Robb,498,Judgement In Death
Moss Roberts,836,Chinese Fairy Tales and Fantasies (The Pantheon Fairy Tale and Folklore Library)
Danielle Steel,363,Past Perfect (My First Touch and Find)
Anita Krishan,249,Ghosts of The Silent Hills: Stories based on true hauntings
Neal Stephenson,394,Snow Crash
Lian Hearn,341,Across the Nightingale Floor (Tales of the Otori)
Terry Pratchett,134,Long War (Long Earth): (Long Earth 2)
Terry Pratchett,399,Witches Abroad: (Discworld Novel 12) (Discworld Novels)
Kevin Missal,199,Mahayoddha Kalki: Sword of Shiva (Book 3)
Ann VanderMeer,440,"The Thackery T. Lambshead Cabinet of Curiosities: Exhibits, Oddities, Images, and Stories from Top Authors and Artists"
Kevin Missal,199,Dharmayoddha Kalki: Avatar of Vishnu (Book 1)
Kevin Missal,199,Dharmayoddha Kalki: Avatar of Vishnu (Book 1)
H. G. Wells,271,Twelve Stories And A Dream
Stephen King,399,The Dead Zone
Sundari Haran,399,Mandodari’s Ravanayana
E.M. Berens,199,Myths and Legends of Ancient Greece and Rome (Collins Classics)
Patrice Caldwell,334,"A Phoenix First Must Burn: Stories of Black Girl Magic, Resistance and Hope"
Anita Krishan,249,Ghosts of The Silent Hills: Stories based on true hauntings
Neal Stephenson,394,Snow Crash
Iain Macintosh,333,The Football Manager's Guide to Football Management
Kim Stanley Robinson,784,Forty Signs of Rain (Science in the Capital)
James Patterson,139,"Humans, Bow Down"
Amos Tutuola,510,The Palm-Wine Drinkard
J. R. R. Tolkien,299,Beren and Luthien
Kevin Missal,199,Mahayoddha Kalki: Sword of Shiva (Book 3)
Ann VanderMeer,440,"The Thackery T. Lambshead Cabinet of Curiosities: Exhibits, Oddities, Images, and Stories from Top Authors and Artists"
Kevin Missal,199,Dharmayoddha Kalki: Avatar of Vishnu (Book 1)
Kevin Missal,199,Dharmayoddha Kalki: Avatar of Vishnu (Book 1)
H. G. Wells,271,Twelve Stories And A Dream
Amos Tutuola,510,The Palm-Wine Drinkard
J. R. R. Tolkien,299,Beren and Luthien
Salman Rushdie,379,The Enchantress of Florence
Seth Grahame-Smith,307,Abraham Lincoln Vampire Hunter
Anita Krishan,249,Ghosts of The Silent Hills: Stories based on true hauntings
Neal Stephenson,394,Snow Crash
Robert Kirkman,535,Outcast by Kirkman & Azaceta Volume 1: A Darkness Surrounds Him
Akira Toriyama,499,Jaco the Galactic Patrolman: Volume 1
Dale Carnegie,125,How To Develop Self Confidence & Influence People By Public Speaking (English)
Maharishi Mahesh Yogi,340,Science of Being and Art of Living
Jeff Vander Meer,329,Annihilation (Southern Reach Trilogy 1)
Kevin Missal,199,Mahayoddha Kalki: Sword of Shiva (Book 3)
Ann VanderMeer,440,"The Thackery T. Lambshead Cabinet of Curiosities: Exhibits, Oddities, Images, and Stories from Top Authors and Artists"
Kevin Missal,199,Dharmayoddha Kalki: Avatar of Vishnu (Book 1)
Kevin Missal,199,Dharmayoddha Kalki: Avatar of Vishnu (Book 1)
H. G. Wells,271,Twelve Stories And A Dream
Jim Starlin,"1,790",Infinity War (Marvel Masterworks Library)
Tasha Suri,399,Realm of Ash (The Books of Ambha)
J. V. Jones,639,A Fortress Of Grey Ice: Book 2 of the Sword of Shadows
Anita Krishan,249,Ghosts of The Silent Hills: Stories based on true hauntings
Neal Stephenson,394,Snow Crash
Josiah Bancroft,479,Senlin Ascends: Book One of the Books of Babel
Adrian Tchaikovsky,340,Empire in Black and Gold: Shadows of the Apt
George R. R. Martin,744,The Hedge Knight: The Graphic Novel (A Game of Thrones)
Cassandra Clare,377,Lord of Shadows (The Dark Artifices)
Matthew Reilly,599,The Three Secret Cities (Jack West Series)
Oscar Wilde,75,The Canterville Ghost Class - XI
Kevin Missal,199,Mahayoddha Kalki: Sword of Shiva (Book 3)
Ann VanderMeer,440,"The Thackery T. Lambshead Cabinet of Curiosities: Exhibits, Oddities, Images, and Stories from Top Authors and Artists"
Kevin Missal,199,Dharmayoddha Kalki: Avatar of Vishnu (Book 1)
Kevin Missal,199,Dharmayoddha Kalki: Avatar of Vishnu (Book 1)
H. G. Wells,271,Twelve Stories And A Dream
Anna Kavan,499,Ice (Penguin Modern Classics)
H. G. Wells,257,Men Like Gods (Collins Classics)
Robin Hobb,499,Assassin's Quest (The Farseer Trilogy)
Brandon Sanderson,449,The Alloy of Law: A Mistborn Novel
Anita Krishan,249,Ghosts of The Silent Hills: Stories based on true hauntings
Neal Stephenson,394,Snow Crash
Richard Marcinko,116,Rogue Warrior: Red Cell (Volume 1)
Stephen Aryan,488,"Battlemage: Age of Darkness, Book 1 (The Age of Darkness)"
Robin Hobb,439,"Fool’s Quest (Fitz and the Fool, Book 2)"
Ken Follett,376,Code to Zero
Anne Tyler,599,Redhead by the Side of the Road: Longlisted for the Booker Prize 2020
Kevin Missal,199,Mahayoddha Kalki: Sword of Shiva (Book 3)
Ann VanderMeer,440,"The Thackery T. Lambshead Cabinet of Curiosities: Exhibits, Oddities, Images, and Stories from Top Authors and Artists"
Kevin Missal,199,Dharmayoddha Kalki: Avatar of Vishnu (Book 1)
Kevin Missal,199,Dharmayoddha Kalki: Avatar of Vishnu (Book 1)
H. G. Wells,271,Twelve Stories And A Dream
Dean Koontz,460,Winter Moon: A brilliant thriller of heart-stopping suspense
Michael Crichton,150,Next
Neil Gaiman,"1,198",Sandman: Dream Hunters
Anita Sivakumaran,270,The Birth of Kali
Nitya Ravi,145,What The Eyes See
Anita Krishan,249,Ghosts of The Silent Hills: Stories based on true hauntings
Neal Stephenson,394,Snow Crash
Tim Burton,527,The Melancholy Death of Oyster Boy
Stephen King,412,Lisey's Story
Michael Crichton,199,Prey
S.C. Ransom,237,Small Blue Thing (Small Blue Thing Trilogy)
Nora Roberts,599,Year One (Chronicles of The One)
Kevin Missal,199,Mahayoddha Kalki: Sword of Shiva (Book 3)
Ann VanderMeer,440,"The Thackery T. Lambshead Cabinet of Curiosities: Exhibits, Oddities, Images, and Stories from Top Authors and Artists"
Kevin Missal,199,Dharmayoddha Kalki: Avatar of Vishnu (Book 1)
Kevin Missal,199,Dharmayoddha Kalki: Avatar of Vishnu (Book 1)
H. G. Wells,271,Twelve Stories And A Dream
Clive Cussler,266,Nighthawk: NUMA Files #14 (The NUMA Files)
Robin Hobb,499,Assassin's Quest (The Farseer Trilogy)
Michael Rutger,307,The Anomaly: The blockbuster thriller that will take you back to our darker origins . . .
Anita Krishan,249,Ghosts of The Silent Hills: Stories based on true hauntings
Neal Stephenson,394,Snow Crash
Michelle Paver,369,Thin Air: The most chilling and compelling ghost story of the year
Scott Reintgen,331,Nyxia Unleashed (The Nyxia Triad)
Nitya Ravi,145,What The Eyes See
Brandon Sanderson,449,The Alloy of Law: A Mistborn Novel
Alex Pavesi,629,Eight Detectives
Kevin Missal,199,Mahayoddha Kalki: Sword of Shiva (Book 3)
Ann VanderMeer,440,"The Thackery T. Lambshead Cabinet of Curiosities: Exhibits, Oddities, Images, and Stories from Top Authors and Artists"
Kevin Missal,199,Dharmayoddha Kalki: Avatar of Vishnu (Book 1)
Kevin Missal,199,Dharmayoddha Kalki: Avatar of Vishnu (Book 1)
H. G. Wells,271,Twelve Stories And A Dream
Mark Lawrence,439,King of Thorns (The Broken Empire)
Oscar Wilde,250,The Picture of Dorian Gray (Penguin Classics)
Tess Gerritsen,440,The Shape of Night
Sheridan Le Fanu,209,In A Glass Darkly (Tales of Mystery & The Supernatural)
Anita Krishan,249,Ghosts of The Silent Hills: Stories based on true hauntings
Neal Stephenson,394,Snow Crash
Caroline Lea,386,The Glass Woman
Graham Moore,550,The Last Days of Night
Hannu Rajaniemi,505,The Quantum Thief
Masashi Kishimoto,779,"Naruto (3-in-1 Edition), Vol. 10: Includes Vols. 28, 29 & 30 (Volume 10)"
Joe Hill,"6,155",Locke & Key Slipcase Set
D.H. Lawrence,120,Sons and Lovers
Kevin Missal,199,Mahayoddha Kalki: Sword of Shiva (Book 3)
Ann VanderMeer,440,"The Thackery T. Lambshead Cabinet of Curiosities: Exhibits, Oddities, Images, and Stories from Top Authors and Artists"
Kevin Missal,199,Dharmayoddha Kalki: Avatar of Vishnu (Book 1)
Kevin Missal,199,Dharmayoddha Kalki: Avatar of Vishnu (Book 1)
H. G. Wells,271,Twelve Stories And A Dream
Nora Roberts,599,Year One (Chronicles of The One)
Josiah Bancroft,479,Senlin Ascends: Book One of the Books of Babel
Manoj Kumar Sharma,499,MIЯЯЯO: at THƎ WƎIЯⱭ  WAYWAЯⱭ
Masashi Kishimoto,779,"Naruto (3-in-1 Edition), Vol. 10: Includes Vols. 28, 29 & 30 (Volume 10)"
Joe Hill,"6,155",Locke & Key Slipcase Set
D.H. Lawrence,120,Sons and Lovers
Philip Pullman,398,His Dark Materials: The Amber Spyglass (Book 3)
Anita Krishan,249,Ghosts of The Silent Hills: Stories based on true hauntings
Neal Stephenson,394,Snow Crash
Claire North,408,The Sudden Appearance of Hope: WINNER OF THE WORLD FANTASY AWARD 2017
Richard Marcinko,116,Rogue Warrior: Red Cell (Volume 1)
Neil Gaiman,"1,198",Sandman: Dream Hunters
Kevin Missal,199,Mahayoddha Kalki: Sword of Shiva (Book 3)
Ann VanderMeer,440,"The Thackery T. Lambshead Cabinet of Curiosities: Exhibits, Oddities, Images, and Stories from Top Authors and Artists"
Kevin Missal,199,Dharmayoddha Kalki: Avatar of Vishnu (Book 1)
Kevin Missal,199,Dharmayoddha Kalki: Avatar of Vishnu (Book 1)
H. G. Wells,271,Twelve Stories And A Dream
Dean Koontz,460,Winter Moon: A brilliant thriller of heart-stopping suspense
Paul Cornell,898,Saucer Country Vol. 1: Run
Graham Moore,550,The Last Days of Night
Anita Krishan,249,Ghosts of The Silent Hills: Stories based on true hauntings
Neal Stephenson,394,Snow Crash
Sylvain Neuvel,318,Waking Gods: Themis Files Book 2
A. J. Hackwith,454,The Library of the Unwritten (A Novel from Hell's Library)
Kevin Missal,199,Mahayoddha Kalki: Sword of Shiva (Book 3)
Ann VanderMeer,440,"The Thackery T. Lambshead Cabinet of Curiosities: Exhibits, Oddities, Images, and Stories from Top Authors and Artists"
Kevin Missal,199,Dharmayoddha Kalki: Avatar of Vishnu (Book 1)
Kevin Missal,199,Dharmayoddha Kalki: Avatar of Vishnu (Book 1)
H. G. Wells,271,Twelve Stories And A Dream
Vic James,343,Gilded Cage: A 2018 World Book Night Pick (The Dark Gifts Trilogy)
Lian Hearn,346,Lord of the Darkwood (The Tale of Shikanoko)
Lars Kepler,399,Lazarus
Anita Krishan,249,Ghosts of The Silent Hills: Stories based on true hauntings
Neal Stephenson,394,Snow Crash
Pittacus Lore,358,The Power of Six: Book 2 (Lorien Legacies)
David Almond,359,Skellig
Laura Purcell,599,The Silent Companions
Bill Watterson,625,Homicidal Psycho Jungle Cat (A Calvin and Hobbes)
Matt Wagner,"1,107",Batman/Superman/Wonder Woman Trinity
Ahmed Saadawi,475,Frankenstein in Baghdad
Imogen Hermes Gowar,180,The Mermaid and Mrs Hancock: the absolutely spellbinding Sunday Times top ten bestselling historical fiction phenomenon
Kevin Missal,199,Mahayoddha Kalki: Sword of Shiva (Book 3)
Ann VanderMeer,440,"The Thackery T. Lambshead Cabinet of Curiosities: Exhibits, Oddities, Images, and Stories from Top Authors and Artists"
Kevin Missal,199,Dharmayoddha Kalki: Avatar of Vishnu (Book 1)
Kevin Missal,199,Dharmayoddha Kalki: Avatar of Vishnu (Book 1)
H. G. Wells,271,Twelve Stories And A Dream
Oscar Wilde,75,The Canterville Ghost Class - XI
Mark Twain,171,The Adventures of Tom Sawyer
Pittacus Lore,358,The Power of Six: Book 2 (Lorien Legacies)
Anita Krishan,249,Ghosts of The Silent Hills: Stories based on true hauntings
Neal Stephenson,394,Snow Crash
David Almond,359,Skellig
Laini Taylor,374,Days of Blood and Starlight: The Sunday Times Bestseller. Daughter of Smoke and Bone Trilogy Book 2
Laura Purcell,599,The Silent Companions
Caroline Lea,386,The Glass Woman
Bill Watterson,625,Homicidal Psycho Jungle Cat (A Calvin and Hobbes)
Matt Wagner,"1,107",Batman/Superman/Wonder Woman Trinity
Imogen Hermes Gowar,180,The Mermaid and Mrs Hancock: the absolutely spellbinding Sunday Times top ten bestselling historical fiction phenomenon
Kevin Missal,199,Mahayoddha Kalki: Sword of Shiva (Book 3)
Ann VanderMeer,440,"The Thackery T. Lambshead Cabinet of Curiosities: Exhibits, Oddities, Images, and Stories from Top Authors and Artists"
Kevin Missal,199,Dharmayoddha Kalki: Avatar of Vishnu (Book 1)
Kevin Missal,199,Dharmayoddha Kalki: Avatar of Vishnu (Book 1)
H. G. Wells,271,Twelve Stories And A Dream
Neil Gaiman,605,The Quite Nice and Fairly Accurate Good Omens Script Book
Jules Verne,316,Around the World in Eighty Days (Puffin Classics)
Mike Carey,826,The Unwritten: Tommy Taylor and the Ship That Sank Twice
Ernest Cline,629,Ready Player Two: The highly anticipated sequel to READY PLAYER ONE
Anita Krishan,249,Ghosts of The Silent Hills: Stories based on true hauntings
Neal Stephenson,394,Snow Crash
DR. SUDAKSHINA,350,GODS OF THE COSMOS: ONE UNIVERSAL TRUTH
Brandon Sanderson,431,The Bands of Mourning: A Mistborn Novel
Mhairi McFarlane,365,Who’s That Girl? A Laugh-Out-Loud Sparky Romcom!
Megan Angelo,347,Followers: the gripping dystopian thriller that everyone’s talking about in 2020!
Cody Franklin,894,The Atlantropa Articles: A Novel (For Fans of Harry Turtledove and the Divergent Series)
Lisa Gardner,431,When You See Me: the top 10 bestselling thriller
Steven Erikson,450,House Of Chains: Malazan Book Of The Fallen(The Malazan Book Of The Fallen): Malazan Book of the Fallen 4
Kevin Missal,199,Mahayoddha Kalki: Sword of Shiva (Book 3)
Ann VanderMeer,440,"The Thackery T. Lambshead Cabinet of Curiosities: Exhibits, Oddities, Images, and Stories from Top Authors and Artists"
Kevin Missal,199,Dharmayoddha Kalki: Avatar of Vishnu (Book 1)
Kevin Missal,199,Dharmayoddha Kalki: Avatar of Vishnu (Book 1)
H. G. Wells,271,Twelve Stories And A Dream
Lynsay Sands,299,Hungry For You: An Argeneau Novel (Argeneau Vampire)
Sebastien de Castell,723,Knight's Shadow (The Greatcoats (2))
Ahmed Saadawi,475,Frankenstein in Baghdad
Easterine Kire,261,"Don’t Run, My Love"
Anita Krishan,249,Ghosts of The Silent Hills: Stories based on true hauntings
Neal Stephenson,394,Snow Crash
Neil Gaiman,605,The Quite Nice and Fairly Accurate Good Omens Script Book
Jules Verne,316,Around the World in Eighty Days (Puffin Classics)
Alan Moore,"1,198",The League of Extraordinary Gentlemen (Vol III): Century
Mike Carey,826,The Unwritten: Tommy Taylor and the Ship That Sank Twice
George R. R. Martin,744,The Hedge Knight: The Graphic Novel (A Game of Thrones)
Ernest Cline,629,Ready Player Two: The highly anticipated sequel to READY PLAYER ONE
Kevin Missal,199,Mahayoddha Kalki: Sword of Shiva (Book 3)
Ann VanderMeer,440,"The Thackery T. Lambshead Cabinet of Curiosities: Exhibits, Oddities, Images, and Stories from Top Authors and Artists"
Kevin Missal,199,Dharmayoddha Kalki: Avatar of Vishnu (Book 1)
Kevin Missal,199,Dharmayoddha Kalki: Avatar of Vishnu (Book 1)
H. G. Wells,271,Twelve Stories And A Dream
Kurt Vonnegut,409,Hocus Pocus
Philip K. Dick,419,The Three Stigmata of Palmer Eldritch (S.F. Masterworks)
Ayn Rand,389,The Fountainhead
Masako Togawa,308,The Lady Killer (Pushkin Vertigo): 20
David Mitchell,359,Slade House
Anita Krishan,249,Ghosts of The Silent Hills: Stories based on true hauntings
Neal Stephenson,394,Snow Crash
Stephen King,375,Under the Dome
Amanda Hocking,270,From the Earth to the Shadows (Valkyrie)
Guillermo del Toro,492,Pan's Labyrinth: The Labyrinth of the Faun
Daphne Du Maurier,399,The Birds And Other Stories (Virago Modern Classics)
Kevin Missal,199,Mahayoddha Kalki: Sword of Shiva (Book 3)
Ann VanderMeer,440,"The Thackery T. Lambshead Cabinet of Curiosities: Exhibits, Oddities, Images, and Stories from Top Authors and Artists"
Kevin Missal,199,Dharmayoddha Kalki: Avatar of Vishnu (Book 1)
Kevin Missal,199,Dharmayoddha Kalki: Avatar of Vishnu (Book 1)
H. G. Wells,271,Twelve Stories And A Dream
Ruskin Bond,299,Susanna's Seven Husbands
Anita Krishan,249,Ghosts of The Silent Hills: Stories based on true hauntings
Neal Stephenson,394,Snow Crash
Sidin Vadukut,279,BOMBAY FEVER: Medical Thriller
Robert Kirkman,807,The Walking Dead Volume 1: Days Gone Bye: 01
Jojo Moyes,449,The Giver of Stars: Fall in love with the enchanting Sunday Times bestseller from the author of Me Before You
Sukanya Venkatraghavan,316,Dark Things
Larissa Ione,498,Desire Unchained: Number 2 in series (Demonica Novel)
Kevin Missal,199,Mahayoddha Kalki: Sword of Shiva (Book 3)
Ann VanderMeer,440,"The Thackery T. Lambshead Cabinet of Curiosities: Exhibits, Oddities, Images, and Stories from Top Authors and Artists"
Kevin Missal,199,Dharmayoddha Kalki: Avatar of Vishnu (Book 1)
Kevin Missal,199,Dharmayoddha Kalki: Avatar of Vishnu (Book 1)
H. G. Wells,271,Twelve Stories And A Dream
Niranjan,235,Prime Thinker: Chronological Protocol of the Multiverse
Christie Golden,675,World of Warcraft: Rise of the Horde (Blizzard Legends)
Jeff Grubb,690,Warcraft: The Last Guardian (Blizzard Legends)
Robin Cook,353,Invasion
Michael Morpurgo,358,Kaspa: Prince of Cats
Brandon Sanderson,"3,330","Stormlight Archive MM Boxed Set I, Books 1-3: The Way of Kings, Words of Radiance, Oathbringer (The Stormlight Archive)"
Akira Toriyama,799,"Dragon Ball (3-in-1 Edition), Vol. 7: Includes vols. 19, 20 & 21 (Volume 7)"
Anita Krishan,249,Ghosts of The Silent Hills: Stories based on true hauntings
Neal Stephenson,394,Snow Crash
Sandy Schofield,270,"The Complete Aliens Omnibus: Volume Three (Rogue, Labyrinth): (Rogue, The Labyrinth) - Vol.3"
Margaret Millar,289,The Listening Walls
Rohit Narang,299,Gift of Confidence: Miracles Can Happen Easily
Kevin Missal,199,Mahayoddha Kalki: Sword of Shiva (Book 3)
Ann VanderMeer,440,"The Thackery T. Lambshead Cabinet of Curiosities: Exhibits, Oddities, Images, and Stories from Top Authors and Artists"
Kevin Missal,199,Dharmayoddha Kalki: Avatar of Vishnu (Book 1)
Kevin Missal,199,Dharmayoddha Kalki: Avatar of Vishnu (Book 1)
H. G. Wells,271,Twelve Stories And A Dream
Paul Stewart,450,Edge Chronicles 3: Midnight Over Sanctaphrax (The Edge Chronicles)
Scott Reintgen,386,Nyxia Uprising: The Nyxia Triad
Sylvia Day,279,A Touch of Crimson (A Renegade Angels Novel)
Jeff Lemire,994,Descender Volume 6: The Machine War
Anita Krishan,249,Ghosts of The Silent Hills: Stories based on true hauntings
Neal Stephenson,394,Snow Crash
Terry Pratchett,368,Reaper Man: (Discworld Novel 11) (Discworld Novels)
Stephen King,398,Needful Things
Ajinkya Bhasme,246,As Death Stared Back
Jay Kristoff,382,"Godsgrave (The Nevernight Chronicle, Book 2)"
Jules Verne,323,Twenty Thousand Leagues Under the Sea (Penguin Classics)
Kevin Missal,199,Mahayoddha Kalki: Sword of Shiva (Book 3)
Ann VanderMeer,440,"The Thackery T. Lambshead Cabinet of Curiosities: Exhibits, Oddities, Images, and Stories from Top Authors and Artists"
Kevin Missal,199,Dharmayoddha Kalki: Avatar of Vishnu (Book 1)
Kevin Missal,199,Dharmayoddha Kalki: Avatar of Vishnu (Book 1)
H. G. Wells,271,Twelve Stories And A Dream
Scott Reintgen,386,Nyxia Uprising: The Nyxia Triad
Sylvia Day,279,A Touch of Crimson (A Renegade Angels Novel)
Terry Pratchett,368,Reaper Man: (Discworld Novel 11) (Discworld Novels)
Anita Krishan,249,Ghosts of The Silent Hills: Stories based on true hauntings
Neal Stephenson,394,Snow Crash
Jay Kristoff,382,"Godsgrave (The Nevernight Chronicle, Book 2)"
Robin Cook,353,Invasion
Terry Pratchett,299,Equal Rites: (Discworld Novel 3) (Discworld Novels)
Kevin Missal,199,Mahayoddha Kalki: Sword of Shiva (Book 3)
Ann VanderMeer,440,"The Thackery T. Lambshead Cabinet of Curiosities: Exhibits, Oddities, Images, and Stories from Top Authors and Artists"
Kevin Missal,199,Dharmayoddha Kalki: Avatar of Vishnu (Book 1)
Kevin Missal,199,Dharmayoddha Kalki: Avatar of Vishnu (Book 1)
H. G. Wells,271,Twelve Stories And A Dream
Jorge Luis Borges,660,The Aleph and Other Stories (Penguin Classics)
H. G. Wells,329,Modern Utopia (Dover Thrift Editions)
Laini Taylor,524,Daughter of Smoke and Bone: Enter another world in this magical SUNDAY TIMES bestseller (Daughter of Smoke and Bone Trilogy)
Alan Moore,844,"Promethea, Book 5"
Anita Krishan,249,Ghosts of The Silent Hills: Stories based on true hauntings
Neal Stephenson,394,Snow Crash
Italo Calvino,165,The Distance of the Moon (Penguin Modern)
Raphael Bob-Waksberg,"1,205",Someone Who Will Love You in All Your Damaged Glory: Stories
China Miéville,372,Embassytown
Alice Sebold,389,The Lovely Bones
Rie Takada,743,"Happy Hustle High, Vol. 1 (Volume 1)"
Cassandra Clare,"1,169",Ghosts of the Shadow Market (Shadowhunter Academy)
Brian K Vaughan,"1,257",Saga Volume 3
Kevin Missal,199,Mahayoddha Kalki: Sword of Shiva (Book 3)
Ann VanderMeer,440,"The Thackery T. Lambshead Cabinet of Curiosities: Exhibits, Oddities, Images, and Stories from Top Authors and Artists"
Kevin Missal,199,Dharmayoddha Kalki: Avatar of Vishnu (Book 1)
Kevin Missal,199,Dharmayoddha Kalki: Avatar of Vishnu (Book 1)
H. G. Wells,271,Twelve Stories And A Dream
Alfred Bester,545,The Stars My Destination (S.F. Masterworks)
Ursula K. Le Guin,580,The Wind's Twelve Quarters and The Compass Rose (S.F. Masterworks)
Rick Edwards,270,Science (ish)
Anita Krishan,249,Ghosts of The Silent Hills: Stories based on true hauntings
Neal Stephenson,394,Snow Crash
Lewis Carroll,153,Through the Looking-Glass
Jeff VanderMeer,"2,377",The Big Book of Modern Fantasy
Erika Johansen,365,The Fate of the Tearling: (The Tearling Trilogy 3)
Joe Sugg,448,Username: Evie
Arthur Conan Doyle,495,Gothic Tales (Oxford World's Classics)
Frank Herbert,569,Children Of Dune: The Third Dune Novel (Gateway Essentials)
Kevin Missal,199,Mahayoddha Kalki: Sword of Shiva (Book 3)
Ann VanderMeer,440,"The Thackery T. Lambshead Cabinet of Curiosities: Exhibits, Oddities, Images, and Stories from Top Authors and Artists"
Kevin Missal,199,Dharmayoddha Kalki: Avatar of Vishnu (Book 1)
Kevin Missal,199,Dharmayoddha Kalki: Avatar of Vishnu (Book 1)
H. G. Wells,271,Twelve Stories And A Dream
Lars Kepler,323,Hunter (Joona Linna)
Troy Denning,736,"The Joiner King: Star Wars Legends (Dark Nest, Book I): 1 (Star Wars: The Dark Nest Trilogy - Legends)"
Umberto Eco,435,Foucault's Pendulum
Christina Dalcher,460,Vox
Edgar Rice Burroughs,148,A Princess of Mars (Modern Library Classics (Paperback))
Anita Krishan,249,Ghosts of The Silent Hills: Stories based on true hauntings
Neal Stephenson,394,Snow Crash
Samanta Schweblin,280,Fever Dream
Pittacus Lore,330,The Rise of Nine: Book 3 (The Lorien Legacies)
Margaret Atwood,610,The Handmaid's Tale: A Novel
Ira Levin,424,Rosemary's Baby: Introduction by Chuck Palanhiuk
Mark Lawrence,299,"Red Sister (Book of the Ancestor, Book 1)"
Kevin Missal,199,Mahayoddha Kalki: Sword of Shiva (Book 3)
Ann VanderMeer,440,"The Thackery T. Lambshead Cabinet of Curiosities: Exhibits, Oddities, Images, and Stories from Top Authors and Artists"
