videoCaption,videoLink
NOTTO Fights Against COVID -19,https://www.notto.gov.in/WriteReadData/Portal/Video_Gallery/23/2_WhatsApp_Video_2020-03-22_at_17.26.16.mp4
Glimpse of 10th Organ Donation Day at Dr. RML...,https://www.notto.gov.in/WriteReadData/Portal/Video_Gallery/22/1_Glimpse_of_10th_Organ_Donation_Day_at_Dr._RML_Hospital_on_28.11.2019.mp4
Movie- Phir Zindgi,https://youtu.be/BiFsugc23hk
Director NOTTO words at NDTV-Fortis Launch More...,https://youtu.be/6_hT4wf8_Rw
Rajya Sabha TV Vishesh: On Organ Donation,https://www.youtube.com/watch?v=gJ5DHhVHi1g
Talk on Organ Donation,https://youtu.be/CBnRVf6hNqM
&amp;quot;Discussion on Dialogue with Organs&amp;quot;,https://youtu.be/7AxUQvwowt8
NOTTO Advt Hindi,https://youtu.be/2nbOe8QmF7c
National Organ Retriveal Workshop,https://www.youtube.com/watch?v=q5_lRAjJml0
National Organ Retrieval Workshop,https://www.notto.gov.in/WriteReadData/Portal/Video_Gallery/5/2_Dr_Harsha_Jauhari_at_the_National_Organ_Retrieval_Workshop.mp4
Mann Ki Baat by PM Narendra Modi dated 25.10.2015,https://www.youtube.com/watch?v=2RL5MX3dl24
Mann Ki Baat by PM Narendra Modi dated 29.11.2015,https://www.youtube.com/watch?v=FNEKrv2xNug
BACK TO THE FUTURE- An Organ Donation Awareness...,https://www.notto.gov.in/WriteReadData/Portal/Video_Gallery/11/1_Organ_Donation_Short_Film-60_Sec-_Hindi_-_Full_HD.mp4
NOTTO Advt English,https://youtu.be/fwonZpKmmZc
Prime News-Zindgi (8th January-2018),https://www.youtube.com/watch?v=-c-w43ieSS4
Back to the Future 30 secs,https://www.youtube.com/watch?v=UBC1SI-LGfI
Good Evening India,https://www.youtube.com/watch?v=2u9ShUjKLuE
Doctors on Call,https://www.youtube.com/watch?v=0mlqKj1j2dk
"On Valentine&#39;s Day, Pledge Your Heart",https://www.notto.gov.in/WriteReadData/Portal/Video_Gallery/14/1_Edited_Valentine_day.mp4
Back to the Future 20 secs,https://www.youtube.com/watch?v=N8urpEq6RYI
