articleLink,articleTitle
https://news.google.com/./articles/CAIiEJ3JRYj4d3-MH7mx98DnZegqMwgEKioIACIQNOSU--BdxeOU9EKlkyXaNioUCAoiEDTklPvgXcXjlPRCpZMl2jYwhOrEBg?hl=en-IN&gl=IN&ceid=IN%3Aen,Jannat Zubair Rehmani wants THIS special power
https://news.google.com/./articles/CBMiogFodHRwczovL3d3dy5zcG90Ym95ZS5jb20vdHJlbmRpbmcvdHJlbmRpbmctbmV3cy9qYW5uYXQtenViYWlyLXJlaG1hbmktb24tdGlrdG9rLWJhbi1pbi1pbmRpYS1teS1mYW1pbHktYW5kLWktdG90YWxseS1zdXBwb3J0LWl0LWV4Y2x1c2l2ZS81ZWZhZjZmZjYzYTQ1NjI5ZTViNmJkMGHSAaYBaHR0cHM6Ly93d3cuc3BvdGJveWUuY29tL2FtcC90cmVuZGluZy90cmVuZGluZy1uZXdzL2phbm5hdC16dWJhaXItcmVobWFuaS1vbi10aWt0b2stYmFuLWluLWluZGlhLW15LWZhbWlseS1hbmQtaS10b3RhbGx5LXN1cHBvcnQtaXQtZXhjbHVzaXZlLzVlZmFmNmZmNjNhNDU2MjllNWI2YmQwYQ?hl=en-IN&gl=IN&ceid=IN%3Aen,TikTok Star Jannat Zubair Rahmani On App's Ban In India: 'My Family And I Totally Support It'- EXCLUSIVE
https://news.google.com/./articles/CBMibmh0dHBzOi8vd3d3LnRlbGx5Y2hha2thci5jb20vdHYvdHYtbmV3cy92YXJ1bi1zaGFybWEtbWFrZXMtZnVuLW9mLWphbm5hdC16dWJhaXItaGVyLXJlYWN0aW9uLXVubWlzc2FibGUtMjAwNTA00gFyaHR0cHM6Ly93d3cudGVsbHljaGFra2FyLmNvbS90di90di1uZXdzL3ZhcnVuLXNoYXJtYS1tYWtlcy1mdW4tb2YtamFubmF0LXp1YmFpci1oZXItcmVhY3Rpb24tdW5taXNzYWJsZS0yMDA1MDQ_YW1w?hl=en-IN&gl=IN&ceid=IN%3Aen,Varun Sharma makes fun of Jannat Zubair; her reaction is UNMISSABLE
https://news.google.com/./articles/CBMiZ2h0dHBzOi8vd3d3LnRlbGx5Y2hha2thci5jb20vdHYvdHYtbmV3cy93ZS1iZXQteW91LXdvdWxkbnQta25vdy1mYWN0LWFib3V0LWphbm5hdC16dWJhaXItcmFobWFuaS0xOTEyMDLSAWtodHRwczovL3d3dy50ZWxseWNoYWtrYXIuY29tL3R2L3R2LW5ld3Mvd2UtYmV0LXlvdS13b3VsZG50LWtub3ctZmFjdC1hYm91dC1qYW5uYXQtenViYWlyLXJhaG1hbmktMTkxMjAyP2FtcA?hl=en-IN&gl=IN&ceid=IN%3Aen,We bet you wouldn't know THIS fact about Jannat Zubair Rahmani
https://news.google.com/./articles/CAIiEFzSRv8nvU4nRz8J6BSgP0MqGQgEKhAIACoHCAowzcqECzDZuYEDMPq6tgY?hl=en-IN&gl=IN&ceid=IN%3Aen,This is how Jannat Zubair became among the top 10 TikTok influencers!
https://news.google.com/./articles/CBMipAFodHRwczovL3d3dy5zcG90Ym95ZS5jb20vdGVsZXZpc2lvbi90ZWxldmlzaW9uLW5ld3MvamFubmF0LXp1YmFpci1yZWhtYW5pLWFuZC1hamF6LWtoYW4tcy1vdHQtcmVhbGl0eS1zaG93LXRva2Vycy1ob3VzZS1wb3N0cG9uZWQtZXhjbHVzaXZlLzVlYmU4YjdkMGM3YTNiM2RkZjU3NDMyMtIBqAFodHRwczovL3d3dy5zcG90Ym95ZS5jb20vYW1wL3RlbGV2aXNpb24vdGVsZXZpc2lvbi1uZXdzL2phbm5hdC16dWJhaXItcmVobWFuaS1hbmQtYWphei1raGFuLXMtb3R0LXJlYWxpdHktc2hvdy10b2tlcnMtaG91c2UtcG9zdHBvbmVkLWV4Y2x1c2l2ZS81ZWJlOGI3ZDBjN2EzYjNkZGY1NzQzMjI?hl=en-IN&gl=IN&ceid=IN%3Aen,"Jannat Zubair Rehmani And Ajaz Khan's OTT Reality Show, Tokers House Postponed- EXCLUSIVE"
https://news.google.com/./articles/CBMiZWh0dHBzOi8vd3d3LnRlbGx5Y2hha2thci5jb20vdHYvdHYtbmV3cy9qYW5uYXQtenViYWlyLXJlaG1hbmktdGVhbXMtdGVsdWd1LXN1cGVyc3Rhci1uYWdhcmp1bmEtMTkxMDIy0gFpaHR0cHM6Ly93d3cudGVsbHljaGFra2FyLmNvbS90di90di1uZXdzL2phbm5hdC16dWJhaXItcmVobWFuaS10ZWFtcy10ZWx1Z3Utc3VwZXJzdGFyLW5hZ2FyanVuYS0xOTEwMjI_YW1w?hl=en-IN&gl=IN&ceid=IN%3Aen,Jannat Zubair Rehmani teams up with Telugu superstar Nagarjuna
https://news.google.com/./articles/CAIiEFLtxXZRgrUPuTu2RcGqqjwqGQgEKhAIACoHCAowzrL9CjDC7vQCMJHmnQY?hl=en-IN&gl=IN&ceid=IN%3Aen,HSC Result 2019: Tu Aashiqui fame Jannat Zubair Rehmani secures 81 percent
https://news.google.com/./articles/CAIiEGPsBeJhLY1BEz4OToqkarUqGQgEKhAIACoHCAowzrL9CjDC7vQCMJHmnQY?hl=en-IN&gl=IN&ceid=IN%3Aen,Jannat Zubair Rehmani crosses 7 Million on Instagram
https://news.google.com/./articles/CBMiggFodHRwczovL3d3dy5yZXB1YmxpY3dvcmxkLmNvbS9lbnRlcnRhaW5tZW50LW5ld3MvYm9sbHl3b29kLW5ld3MvamFubmF0LXp1YmFpci1oZXJlcy1tb3JlLWFib3V0LXRoZS1hY3Rvci1hbmQtdGlrdG9rLXNlbnNhdGlvbi5odG1s0gGGAWh0dHBzOi8vd3d3LnJlcHVibGljd29ybGQuY29tL2FtcC9lbnRlcnRhaW5tZW50LW5ld3MvYm9sbHl3b29kLW5ld3MvamFubmF0LXp1YmFpci1oZXJlcy1tb3JlLWFib3V0LXRoZS1hY3Rvci1hbmQtdGlrdG9rLXNlbnNhdGlvbi5odG1s?hl=en-IN&gl=IN&ceid=IN%3Aen,Jannat Zubair: Heres more about the actor and TikTok sensation - Republic World
https://news.google.com/./articles/CBMinwFodHRwczovL3RpbWVzb2ZpbmRpYS5pbmRpYXRpbWVzLmNvbS90di9uZXdzL2hpbmRpL2luc3RhZ3JhbW1lci1vZi10aGUtd2Vlay1kaXBpa2Eta2FrYXItdG8tamFubmF0LXp1YmFpci10di1jZWxlYnMtZWxlZ2FudC1yYW16YW4tbG9va3MvcGhvdG9zdG9yeS83NTkxNTMyNy5jbXPSAZwBaHR0cHM6Ly9tLnRpbWVzb2ZpbmRpYS5jb20vdHYvbmV3cy9oaW5kaS9pbnN0YWdyYW1tZXItb2YtdGhlLXdlZWstZGlwaWthLWtha2FyLXRvLWphbm5hdC16dWJhaXItdHYtY2VsZWJzLWVsZWdhbnQtcmFtemFuLWxvb2tzL2FtcF9ldHBob3Rvc3RvcnkvNzU5MTUzMjcuY21z?hl=en-IN&gl=IN&ceid=IN%3Aen,Instagrammer of the week: Dipika Kakar to Jannat Zubair; TV celebs’ elegant Ramzan looks
https://news.google.com/./articles/CBMilgFodHRwczovL3RpbWVzb2ZpbmRpYS5pbmRpYXRpbWVzLmNvbS90di9uZXdzL2hpbmRpL3JvaGFuLW1laHJhLXRvLWJlLXBhaXJlZC1vcHBvc2l0ZS1qYW5uYXQtenViYWlyLXJlaG1hbmktaW4tdXBjb21pbmctcHJvamVjdC9hcnRpY2xlc2hvdy83MDY3NzM3Ni5jbXPSAZEBaHR0cHM6Ly9tLnRpbWVzb2ZpbmRpYS5jb20vdHYvbmV3cy9oaW5kaS9yb2hhbi1tZWhyYS10by1iZS1wYWlyZWQtb3Bwb3NpdGUtamFubmF0LXp1YmFpci1yZWhtYW5pLWluLXVwY29taW5nLXByb2plY3QvYW1wX2FydGljbGVzaG93LzcwNjc3Mzc2LmNtcw?hl=en-IN&gl=IN&ceid=IN%3Aen,Rohan Mehra to be paired opposite Jannat Zubair Rehmani in upcoming project
https://news.google.com/./articles/CBMia2h0dHBzOi8vd3d3LnRlbGx5Y2hha2thci5jb20vdHYvdHYtbmV3cy9qYW5uYXQtenViYWlyLXJlaG1hbmktYW5kLWFqYXota2hhbi1zaG9vdC10b2tlcnMtaG91c2UtcHJvbW8tMTkxMDE40gFvaHR0cHM6Ly93d3cudGVsbHljaGFra2FyLmNvbS90di90di1uZXdzL2phbm5hdC16dWJhaXItcmVobWFuaS1hbmQtYWphei1raGFuLXNob290LXRva2Vycy1ob3VzZS1wcm9tby0xOTEwMTg_YW1w?hl=en-IN&gl=IN&ceid=IN%3Aen,Jannat Zubair Rehmani and Ajaz Khan shoot for Tokers House promo
https://news.google.com/./articles/CAIiEK-8oqQHDmQAI26x71D7EyAqGQgEKhAIACoHCAowioaGCzD-vYMDMLfKsQY?hl=en-IN&gl=IN&ceid=IN%3Aen,TikTok Star Jannat Zubair's Ramzan Routine; Lady Doles Out A Positive Video Amid Call For #TikTokBanInIndia
https://news.google.com/./articles/CAIiEDhCJYwroCJkOpgWf6amjigqGQgEKhAIACoHCAowzcqECzDZuYEDMPq6tgY?hl=en-IN&gl=IN&ceid=IN%3Aen,5 Honest Reasons Why Boys Love Jannat Zubair
https://news.google.com/./articles/CAIiEK_nh3dSk2riZn7vwEaYxjMqGQgEKhAIACoHCAowzcqECzDZuYEDMPq6tgY?hl=en-IN&gl=IN&ceid=IN%3Aen,Moments Jannat Zubair won our hearts over and over again
https://news.google.com/./articles/CBMirQFodHRwczovL3RpbWVzb2ZpbmRpYS5pbmRpYXRpbWVzLmNvbS90di9uZXdzL2hpbmRpL2Zvci1qYW5uYXQtenViYWlyLXJlaG1hbmktYW5kLWF5YWFuLXp1YmFpci1yZWhtYW5pLXJha3NoYWJhbmRoYW4tbWVhbnMtYW5ub3ktdGVhc2UtbG92ZS1hbmQtcmVwZWF0L2FydGljbGVzaG93LzY1NTQxOTUxLmNtc9IBqAFodHRwczovL20udGltZXNvZmluZGlhLmNvbS90di9uZXdzL2hpbmRpL2Zvci1qYW5uYXQtenViYWlyLXJlaG1hbmktYW5kLWF5YWFuLXp1YmFpci1yZWhtYW5pLXJha3NoYWJhbmRoYW4tbWVhbnMtYW5ub3ktdGVhc2UtbG92ZS1hbmQtcmVwZWF0L2FtcF9hcnRpY2xlc2hvdy82NTU0MTk1MS5jbXM?hl=en-IN&gl=IN&ceid=IN%3Aen,"For Jannat Zubair Rehmani and Ayaan Zubair Rehmani, Rakshabandhan is all about teasing and loving each ot"
https://news.google.com/./articles/CBMiqwFodHRwczovL3d3dy5zcG90Ym95ZS5jb20vdGVsZXZpc2lvbi90ZWxldmlzaW9uLW5ld3MvdHYtYWN0cmVzcy1qYW5uYXQtenViYWlyLWdldHMtc2xhcHBlZC1ieS1hLWdpcmwtaW4taGVyLWxhdGVzdC12aWRlby1oZXItcmVhY3Rpb24taXMtZXBpYy13YXRjaC81ZTJlYmYyMmQ5OTY0NzFhZDgxNGVkNDDSAa8BaHR0cHM6Ly93d3cuc3BvdGJveWUuY29tL2FtcC90ZWxldmlzaW9uL3RlbGV2aXNpb24tbmV3cy90di1hY3RyZXNzLWphbm5hdC16dWJhaXItZ2V0cy1zbGFwcGVkLWJ5LWEtZ2lybC1pbi1oZXItbGF0ZXN0LXZpZGVvLWhlci1yZWFjdGlvbi1pcy1lcGljLXdhdGNoLzVlMmViZjIyZDk5NjQ3MWFkODE0ZWQ0MA?hl=en-IN&gl=IN&ceid=IN%3Aen,"TV Actress Jannat Zubair Gets SLAPPED By A Girl In Her Latest Video, Her Reaction is EPIC - WATCH"
https://news.google.com/./articles/CBMivQFodHRwczovL3RpbWVzb2ZpbmRpYS5pbmRpYXRpbWVzLmNvbS90di9uZXdzL2hpbmRpL2V2ZXJ5b25lLWdldHMtcHJlc3N1cml6ZWQtYnV0LWl0cy1pbXBvcnRhbnQtbm90LXRvLWJvdy1kb3duLWphbm5hdC16dWJhaXItcmVobWFuaS1vZi10dS1hYXNoaXF1aS1vbi1raXNzaW5nLXNjZW5lcy9hcnRpY2xlc2hvdy82MzQxMDMyOS5jbXPSAbgBaHR0cHM6Ly9tLnRpbWVzb2ZpbmRpYS5jb20vdHYvbmV3cy9oaW5kaS9ldmVyeW9uZS1nZXRzLXByZXNzdXJpemVkLWJ1dC1pdHMtaW1wb3J0YW50LW5vdC10by1ib3ctZG93bi1qYW5uYXQtenViYWlyLXJlaG1hbmktb2YtdHUtYWFzaGlxdWktb24ta2lzc2luZy1zY2VuZXMvYW1wX2FydGljbGVzaG93LzYzNDEwMzI5LmNtcw?hl=en-IN&gl=IN&ceid=IN%3Aen,Everyone gets pressurized but it’s important not to bow down: Jannat Zubair Rehmani of Tu Aashiqui on kis
https://news.google.com/./articles/CAIiELwEFMPlOzUnZ919NFn7SBIqGQgEKhAIACoHCAowzrL9CjDC7vQCMNG6owY?hl=en-IN&gl=IN&ceid=IN%3Aen,Gaana launches TikTok rival ‘HotShots’ in India
https://news.google.com/./articles/CBMiUWh0dHBzOi8vd3d3LnRlbGx5Y2hha2thci5jb20vbGlmZXN0eWxlL2Zhc2hpb24vZmFzaGlvbi1ub3Rlcy1qYW5uYXQtenViYWlyLTE5MTIxMdIBVWh0dHBzOi8vd3d3LnRlbGx5Y2hha2thci5jb20vbGlmZXN0eWxlL2Zhc2hpb24vZmFzaGlvbi1ub3Rlcy1qYW5uYXQtenViYWlyLTE5MTIxMT9hbXA?hl=en-IN&gl=IN&ceid=IN%3Aen,FASHION NOTES with Jannat Zubair…
https://news.google.com/./articles/CBMipAFodHRwczovL3d3dy5kZXNpbWFydGluaS5jb20vbmV3cy9tYXJ0aW5pLXNob3RzL3R2L2VpZC0yMDIwLWhpbmEta2hhbi1zaG9haWItaWJyYWhpbS1qYW5uYXQtenViYWlyLWFuZC1vdGhlci10di1zdGFycy1zaGFyZS10aGVpci1ha2hyaS1qdW1tYS1wb3N0cy1hcnRpY2xlMTQ0MTYyLmh0bdIBpgFodHRwczovL20uZGVzaW1hcnRpbmkuY29tL25ld3MvYW1wL21hcnRpbmktc2hvdHMvdHYvZWlkLTIwMjAtaGluYS1raGFuLXNob2FpYi1pYnJhaGltLWphbm5hdC16dWJhaXItYW5kLW90aGVyLXR2LXN0YXJzLXNoYXJlLXRoZWlyLWFraHJpLWp1bW1hLXBvc3RzLWFydGljbGUxNDQxNjIuaHRt?hl=en-IN&gl=IN&ceid=IN%3Aen,"Eid 2020: Hina Khan, Shoaib Ibrahim, Jannat Zubair And Other TV Stars Share Their Akhri Jumma Posts!"
https://news.google.com/./articles/CAIiEBocmPsuS4PqeiO5SsNjl_IqGQgEKhAIACoHCAowzcqECzDZuYEDMPq6tgY?hl=en-IN&gl=IN&ceid=IN%3Aen,Jannat Zubair Fashion Street Style Cool Looks
https://news.google.com/./articles/CBMidmh0dHBzOi8vd3d3LnRlbGx5Y2hha2thci5jb20vdHYvdHYtbmV3cy9qYW5uYXQtenViYWlyLXMtaG9ycmlibGUtd2FyZHJvYmUtbWFsZnVuY3Rpb24taW52aXRlcy1uZWdhdGl2ZS1jb21tZW50cy0xOTEwMDnSAXpodHRwczovL3d3dy50ZWxseWNoYWtrYXIuY29tL3R2L3R2LW5ld3MvamFubmF0LXp1YmFpci1zLWhvcnJpYmxlLXdhcmRyb2JlLW1hbGZ1bmN0aW9uLWludml0ZXMtbmVnYXRpdmUtY29tbWVudHMtMTkxMDA5P2FtcA?hl=en-IN&gl=IN&ceid=IN%3Aen,Jannat Zubair’s HORRIBLE WARDROBE MALFUNCTION invites negative comments
https://news.google.com/./articles/CBMiPGh0dHBzOi8vd3d3LnRlbGx5Y2hha2thci5jb20vY2VsZWJzL3R2L2phbm5hdC16dWJhaXItcmFobWFuadIBAA?hl=en-IN&gl=IN&ceid=IN%3Aen,Jannat Zubair Rahmani
https://news.google.com/./articles/CBMiYmh0dHBzOi8vd3d3LnRoZWluZGlhbndpcmUuY29tL2VudGVydGFpbm1lbnQvamFubmF0LXp1YmFpci1yYWhtYW5pLWNyZWF0aW5nLWZhaXJ5bGFuZC1waG90by0xNjE1MTUv0gEA?hl=en-IN&gl=IN&ceid=IN%3Aen,Jannat Zubair Rahmani is creating her own fairyland [Photo]
https://news.google.com/./articles/CAIiELpR7H2yHZxveSLbdRG4dp8qGQgEKhAIACoHCAowzcqECzDZuYEDMPq6tgY?hl=en-IN&gl=IN&ceid=IN%3Aen,TikTok star Jannat Zubair to feature in a music video with Rohan Mehra
https://news.google.com/./articles/CAIiEILWSdKHm_Ep2T6m18f-5w8qMwgEKioIACIQNOSU--BdxeOU9EKlkyXaNioUCAoiEDTklPvgXcXjlPRCpZMl2jYwhOrEBg?hl=en-IN&gl=IN&ceid=IN%3Aen,Jannat Zubair’s recalls a memorable FAN MOMENT
https://news.google.com/./articles/CBMingFodHRwczovL3RpbWVzb2ZpbmRpYS5pbmRpYXRpbWVzLmNvbS90di9uZXdzL2hpbmRpL2Zyb20tc2lkZGhhcnRoLW5pZ2FtLWphbm5hdC16dWJhaXItcmVobWFuaS10by1hdm5lZXQta2F1ci15b3VuZy1icmlnYWRlLXRha2Utb3Zlci10di9waG90b3N0b3J5LzY2NjM5Mzg0LmNtc9IBmwFodHRwczovL20udGltZXNvZmluZGlhLmNvbS90di9uZXdzL2hpbmRpL2Zyb20tc2lkZGhhcnRoLW5pZ2FtLWphbm5hdC16dWJhaXItcmVobWFuaS10by1hdm5lZXQta2F1ci15b3VuZy1icmlnYWRlLXRha2Utb3Zlci10di9hbXBfZXRwaG90b3N0b3J5LzY2NjM5Mzg0LmNtcw?hl=en-IN&gl=IN&ceid=IN%3Aen,"From Siddharth Nigam, Jannat Zubair Rehmani to Avneet Kaur: Young brigade take over TV"
https://news.google.com/./articles/CBMiVmh0dHBzOi8vd3d3LnRlbGx5Y2hha2thci5jb20vdHYvdHYtbmV3cy9qYW5uYXQtenViYWlyLWRlZmVhdHMtZGl2eWFua2EtdHJpcGF0aGktMTkxMjI20gFaaHR0cHM6Ly93d3cudGVsbHljaGFra2FyLmNvbS90di90di1uZXdzL2phbm5hdC16dWJhaXItZGVmZWF0cy1kaXZ5YW5rYS10cmlwYXRoaS0xOTEyMjY_YW1w?hl=en-IN&gl=IN&ceid=IN%3Aen,Jannat Zubair DEFEATS Divyanka Tripathi !
https://news.google.com/./articles/CBMibGh0dHBzOi8vd3d3LnRoZW5ld3MuY29tLnBrL2xhdGVzdC81NDY1NzItamFubmF0LXp1YmFpci1jbGFpbXMtdG8td2luLWluZGlhcy1tb3N0LXBvcHVsYXItdGVlbmFnZXItZmFjZS1hd2FyZNIBaWh0dHBzOi8vd3d3LnRoZW5ld3MuY29tLnBrL2FtcC81NDY1NzItamFubmF0LXp1YmFpci1jbGFpbXMtdG8td2luLWluZGlhcy1tb3N0LXBvcHVsYXItdGVlbmFnZXItZmFjZS1hd2FyZA?hl=en-IN&gl=IN&ceid=IN%3Aen,Jannat Zubair claims to win Indias Most Popular Teenager Face award
https://news.google.com/./articles/CBMiqwFodHRwczovL3RpbWVzb2ZpbmRpYS5pbmRpYXRpbWVzLmNvbS90di9uZXdzL2hpbmRpL2phbm5hdC16dWJhaXItdHVybnMtMTgtY2VsZWJyYXRlcy1iaXJ0aGRheS13aXRoLXNvbWktc2FiYS1raGFuLXJlZW0tc2hlaWtoLXZpa2FzLWd1cHRhLWFuZC1vdGhlcnMvcGhvdG9zdG9yeS83MDkxMjIzOS5jbXPSAagBaHR0cHM6Ly9tLnRpbWVzb2ZpbmRpYS5jb20vdHYvbmV3cy9oaW5kaS9qYW5uYXQtenViYWlyLXR1cm5zLTE4LWNlbGVicmF0ZXMtYmlydGhkYXktd2l0aC1zb21pLXNhYmEta2hhbi1yZWVtLXNoZWlraC12aWthcy1ndXB0YS1hbmQtb3RoZXJzL2FtcF9ldHBob3Rvc3RvcnkvNzA5MTIyMzkuY21z?hl=en-IN&gl=IN&ceid=IN%3Aen,"Jannat Zubair turns 18; celebrates birthday with Somi-Saba Khan, Reem Sheikh, Vikas Gupta and others"
https://news.google.com/./articles/CAIiEKipjfhbwK_5ZM0N6Zf17ikqGQgEKhAIACoHCAowzrL9CjDC7vQCMJHmnQY?hl=en-IN&gl=IN&ceid=IN%3Aen,Jannat Zubair Rehmani's younger brother Ayaan tying the lace of her footwear is cute
https://news.google.com/./articles/CBMihwFodHRwczovL3d3dy5pd21idXp6LmNvbS9kaWdpdGFsL2NlbGVicml0aWVzLWRpZ2l0YWwvdGlrdG9rLXN0YXJzLWphbm5hdC16dWJhaXItcmVobWFuaS1hbmQtZmFpc3VzLW11c2ljLXZpZGVvLWZpcnN0LWxvb2stb3V0LzIwMTkvMDYvMDHSAYsBaHR0cHM6Ly93d3cuaXdtYnV6ei5jb20vZGlnaXRhbC9jZWxlYnJpdGllcy1kaWdpdGFsL3Rpa3Rvay1zdGFycy1qYW5uYXQtenViYWlyLXJlaG1hbmktYW5kLWZhaXN1cy1tdXNpYy12aWRlby1maXJzdC1sb29rLW91dC8yMDE5LzA2LzAxL2FtcA?hl=en-IN&gl=IN&ceid=IN%3Aen,TikTok stars Jannat Zubair Rehmani and Faisu’s music video first look out
https://news.google.com/./articles/CAIiEIUmCKihGfE7z6OTPmOlxHsqGQgEKhAIACoHCAowjub-CjDuqfcCMMGF4wU?hl=en-IN&gl=IN&ceid=IN%3Aen,Bigg Boss 12: Khan sisters Somi & Saba have a gala time with Jannat Zubair Rehmani; View Pics
https://news.google.com/./articles/CBMi3AFodHRwczovL3d3dy5zcG90Ym95ZS5jb20vdHJlbmRpbmcvdHJlbmRpbmctbmV3cy90aWt0b2stc3RhcnMtcml5YXotYWx5LWphbm5hdC16dWJhaXItbXItZmFpc3UtaW4tdHJvdWJsZS1vdmVyLXRpa3Rvay1iYW4taW4taW5kaWEtY291bGQtbG9zZS1vdmVyLTEwMC1taWxsaW9uLWZvbGxvd2Vycy13aGVuLWNoaW5lc2UtYXBwLWdvZXMta2FwdXQvNWVmYWZjNmQ2M2E0NTYyOWU1YjZiZDEz0gHgAWh0dHBzOi8vd3d3LnNwb3Rib3llLmNvbS9hbXAvdHJlbmRpbmcvdHJlbmRpbmctbmV3cy90aWt0b2stc3RhcnMtcml5YXotYWx5LWphbm5hdC16dWJhaXItbXItZmFpc3UtaW4tdHJvdWJsZS1vdmVyLXRpa3Rvay1iYW4taW4taW5kaWEtY291bGQtbG9zZS1vdmVyLTEwMC1taWxsaW9uLWZvbGxvd2Vycy13aGVuLWNoaW5lc2UtYXBwLWdvZXMta2FwdXQvNWVmYWZjNmQ2M2E0NTYyOWU1YjZiZDEz?hl=en-IN&gl=IN&ceid=IN%3Aen,"TikTok Stars Riyaz Aly, Jannat Zubair, Mr Faisu In Trouble Over TikTok Ban In India? Could Lose Over 100 Million Followers When Chinese App Goes Kaput"
https://news.google.com/./articles/CAIiEJi-KxBcueypny0g8741X6MqGQgEKhAIACoHCAowioaGCzD-vYMDMLfKsQY?hl=en-IN&gl=IN&ceid=IN%3Aen,Bigg Boss 13: Vindu Dara Singh Says Jannat Zubair Supports Sidharth; Fans Dig Up A Video Where She's Going GAGA Over Asim
https://news.google.com/./articles/CBMiywFodHRwczovL3RpbWVzb2ZpbmRpYS5pbmRpYXRpbWVzLmNvbS90di9uZXdzL2hpbmRpL3RlZW5hZ2UtYWN0cmVzcy1qYW5uYXQtenViYWlyLXJlaG1hbmktYXNrZWQtdG8tc2hvb3QtYS1raXNzaW5nLXNjZW5lLXdpdGgtY28tc3Rhci1pbi10dS1hYXNoaXF1aS1tb3RoZXItbGFzaGVzLW91dC1hdC10aGUtbWFrZXJzL2FydGljbGVzaG93LzYzMjg5OTYyLmNtc9IBxgFodHRwczovL20udGltZXNvZmluZGlhLmNvbS90di9uZXdzL2hpbmRpL3RlZW5hZ2UtYWN0cmVzcy1qYW5uYXQtenViYWlyLXJlaG1hbmktYXNrZWQtdG8tc2hvb3QtYS1raXNzaW5nLXNjZW5lLXdpdGgtY28tc3Rhci1pbi10dS1hYXNoaXF1aS1tb3RoZXItbGFzaGVzLW91dC1hdC10aGUtbWFrZXJzL2FtcF9hcnRpY2xlc2hvdy82MzI4OTk2Mi5jbXM?hl=en-IN&gl=IN&ceid=IN%3Aen,Teenage actress Jannat Zubair Rehmani asked to shoot a kissing scene with co-star in Tu Aashiqui; mother
https://news.google.com/./articles/CAIiEKfrV0FsLtwz1k0PZ0J_YF0qMwgEKioIACIQNOSU--BdxeOU9EKlkyXaNioUCAoiEDTklPvgXcXjlPRCpZMl2jYwhOrEBg?hl=en-IN&gl=IN&ceid=IN%3Aen,"Jannat Zubair, Gurmeet Chaudhary, Sidharth Nigam and others to feature in a music video titled ‘Phir Hasenge’"
https://news.google.com/./articles/CBMiVmh0dHBzOi8vd3d3LnRlbGx5Y2hha2thci5jb20vdHYvdHYtbmV3cy93aGVuLWphbm5hdC16dWJhaXItZGVmZWF0ZWQtYXZuZWV0LWthdXItMTkxMDAy0gFaaHR0cHM6Ly93d3cudGVsbHljaGFra2FyLmNvbS90di90di1uZXdzL3doZW4tamFubmF0LXp1YmFpci1kZWZlYXRlZC1hdm5lZXQta2F1ci0xOTEwMDI_YW1w?hl=en-IN&gl=IN&ceid=IN%3Aen,When Jannat Zubair DEFEATED Avneet Kaur!
https://news.google.com/./articles/CBMiiwFodHRwczovL3d3dy5pd21idXp6LmNvbS9kaWdpdGFsL25ld3MtZGlnaXRhbC90aWt0b2stc3Rhci1mYWlzdS1qYW5uYXQtenViYWlyLXJhaG1hbmlzLW11c2ljLXZpZGVvLXRlcmUtYmluLWtpdmUtbG9vay1tZXNtZXJpemluZy8yMDE5LzA2LzEw0gGPAWh0dHBzOi8vd3d3Lml3bWJ1enouY29tL2RpZ2l0YWwvbmV3cy1kaWdpdGFsL3Rpa3Rvay1zdGFyLWZhaXN1LWphbm5hdC16dWJhaXItcmFobWFuaXMtbXVzaWMtdmlkZW8tdGVyZS1iaW4ta2l2ZS1sb29rLW1lc21lcml6aW5nLzIwMTkvMDYvMTAvYW1w?hl=en-IN&gl=IN&ceid=IN%3Aen,TikTok Star Faisu and Jannat Zubair Rahmani’s music video ‘Tere Bin Kive’ is out and they look mesmerizing
https://news.google.com/./articles/CBMiWWh0dHBzOi8vd3d3LnRlbGx5Y2hha2thci5jb20vdHYvdHYtbmV3cy90aWt0b2sta2luZy1mYWlzdS1zLWdpcmxmcmllbmQtZGVtYW5kcy1oaW0tMjAwMTA30gFdaHR0cHM6Ly93d3cudGVsbHljaGFra2FyLmNvbS90di90di1uZXdzL3Rpa3Rvay1raW5nLWZhaXN1LXMtZ2lybGZyaWVuZC1kZW1hbmRzLWhpbS0yMDAxMDc_YW1w?hl=en-IN&gl=IN&ceid=IN%3Aen,TikTok king Faisu’s girlfriend demands THIS from him
https://news.google.com/./articles/CBMiqgFodHRwczovL3RpbWVzb2ZpbmRpYS5pbmRpYXRpbWVzLmNvbS92aWRlb3MvdHYvaGluZGkvamFubmF0LXp1YmFpci1hdm5lZXQta2F1ci1yZWVtLWFuZC1vdGhlcnMtYXR0ZW5kLXNpZGRoYXJ0aC1uaWdhbS1hbmQtaGlzLWJyb3RoZXJzLWJpcnRoZGF5LWJhc2gvdmlkZW9zaG93LzcxMTI1MTU3LmNtc9IBpQFodHRwczovL20udGltZXNvZmluZGlhLmNvbS92aWRlb3MvdHYvaGluZGkvamFubmF0LXp1YmFpci1hdm5lZXQta2F1ci1yZWVtLWFuZC1vdGhlcnMtYXR0ZW5kLXNpZGRoYXJ0aC1uaWdhbS1hbmQtaGlzLWJyb3RoZXJzLWJpcnRoZGF5LWJhc2gvYW1wX3ZpZGVvc2hvdy83MTEyNTE1Ny5jbXM?hl=en-IN&gl=IN&ceid=IN%3Aen,"Jannat Zubair, Avneet Kaur, Reem and others attend Siddharth Nigam and his brother's birthday bash"
https://news.google.com/./articles/CBMipgFodHRwczovL3d3dy5jcmlja2V0aHVudC5pbi90ZWxldmlzaW9uLWFjdHJlc3MtamFubmF0LXp1YmFpci13aXRob3V0LW1ha2V1cC1waG90b3MtdmlyYWwtamFubmF0LXp1YmFpci1waG90b3Mtb3ItcGljcy1oZC1kb3dubG9hZC1qYW5uYXQtenViYWlyLXdhbGxwYXBlci1hbmQtaW1hZ2VzLWQv0gEA?hl=en-IN&gl=IN&ceid=IN%3Aen,"Television Actress Jannat Zubair Without Makeup Photos Viral. Jannat Zubair Photos Or Pics HD Download, Jannat Zubair Wallpaper And Images D... July, 2020"
https://news.google.com/./articles/CBMicmh0dHBzOi8vdGltZXNvZmluZGlhLmluZGlhdGltZXMuY29tL3R2L25ld3MvaGluZGkvSmFubmF0LVp1YmFpci1SZWhtYW5pLWluLUVrLVRoaGktTmFheWthL2FydGljbGVzaG93LzE5MDM3MzE0LmNtc9IBAA?hl=en-IN&gl=IN&ceid=IN%3Aen,Jannat Zubair Rehmani in Ek Thhi Naayka - Times of India
https://news.google.com/./articles/CBMifWh0dHBzOi8vdGltZXNvZmluZGlhLmluZGlhdGltZXMuY29tL3R2L25ld3MvaGluZGkvamFubmF0LXp1YmFpci1teS1icm90aGVyLWdldHMtbW9zdC1vZi10aGUtZWlkaS1ub3cvYXJ0aWNsZXNob3cvNjU0ODg1ODkuY21z0gF4aHR0cHM6Ly9tLnRpbWVzb2ZpbmRpYS5jb20vdHYvbmV3cy9oaW5kaS9qYW5uYXQtenViYWlyLW15LWJyb3RoZXItZ2V0cy1tb3N0LW9mLXRoZS1laWRpLW5vdy9hbXBfYXJ0aWNsZXNob3cvNjU0ODg1ODkuY21z?hl=en-IN&gl=IN&ceid=IN%3Aen,Jannat Zubair: My brother gets most of the eidi now
https://news.google.com/./articles/CAIiEHbrZT0RX_Plps8S-StJjS0qMwgEKioIACIQNOSU--BdxeOU9EKlkyXaNioUCAoiEDTklPvgXcXjlPRCpZMl2jYwhOrEBg?hl=en-IN&gl=IN&ceid=IN%3Aen,Sushmita Sen's brother Rajeev Sen set for Bollywood debut
https://news.google.com/./articles/CBMibGh0dHBzOi8vd3d3LnRlbGx5Y2hha2thci5jb20vbW92aWUvbW92aWUtbmV3cy9sb2NrZG93bi1kaWFyaWVzLW1hZGh1cmktZXhwZXJpbWVudHMtaHVzYmFuZHMtaGFpcnN0eWxlLTIwMDYzMNIBcGh0dHBzOi8vd3d3LnRlbGx5Y2hha2thci5jb20vbW92aWUvbW92aWUtbmV3cy9sb2NrZG93bi1kaWFyaWVzLW1hZGh1cmktZXhwZXJpbWVudHMtaHVzYmFuZHMtaGFpcnN0eWxlLTIwMDYzMD9hbXA?hl=en-IN&gl=IN&ceid=IN%3Aen,Lockdown diaries: Madhuri experiments with husband's hairstyle
https://news.google.com/./articles/CAIiEHpvDjePMTWJ40TZDD5IIp4qGQgEKhAIACoHCAowzcqECzDZuYEDMPq6tgY?hl=en-IN&gl=IN&ceid=IN%3Aen,TikTok stars Faisu and Jannat Zubair’s music video Tere Bin Kive is back on YouTube
https://news.google.com/./articles/CBMipgFodHRwczovL3RpbWVzb2ZpbmRpYS5pbmRpYXRpbWVzLmNvbS90di9uZXdzL2hpbmRpL3dpbGwtdGhlLWR1by12aXNoYWwtYWRpdHlhLXNpbmdoLW1hZGh1cmltYS10dWxpLWJlLWJhY2stYXMtYS13aWxkLWNhcmQtZW50cnktaW4tYS1mZXctd2Vla3MvYXJ0aWNsZXNob3cvNzA4NzcyNTkuY21z0gGhAWh0dHBzOi8vbS50aW1lc29maW5kaWEuY29tL3R2L25ld3MvaGluZGkvd2lsbC10aGUtZHVvLXZpc2hhbC1hZGl0eWEtc2luZ2gtbWFkaHVyaW1hLXR1bGktYmUtYmFjay1hcy1hLXdpbGQtY2FyZC1lbnRyeS1pbi1hLWZldy13ZWVrcy9hbXBfYXJ0aWNsZXNob3cvNzA4NzcyNTkuY21z?hl=en-IN&gl=IN&ceid=IN%3Aen,Will the duo Vishal Aditya Singh-Madhurima Tuli be back as a wild card entry in a few weeks?
https://news.google.com/./articles/CBMiaWh0dHBzOi8vd3d3LnRlbGx5Y2hha2thci5jb20vdHYvdHYtbmV3cy93aGVuLWFzaG5vb3ItYW5kLWphbm5hdC13ZW50LXRoZS1hbGlhLWFuZC12YXJ1bi1kaGF3YW4td2F5LTIwMDQxNdIBbWh0dHBzOi8vd3d3LnRlbGx5Y2hha2thci5jb20vdHYvdHYtbmV3cy93aGVuLWFzaG5vb3ItYW5kLWphbm5hdC13ZW50LXRoZS1hbGlhLWFuZC12YXJ1bi1kaGF3YW4td2F5LTIwMDQxNT9hbXA?hl=en-IN&gl=IN&ceid=IN%3Aen,When Ashnoor and Jannat went the Alia and Varun Dhawan way..
https://news.google.com/./articles/CBMiwAFodHRwczovL3d3dy5zcG90Ym95ZS5jb20vdGVsZXZpc2lvbi90ZWxldmlzaW9uLW5ld3Mvc2lkZGhhcnRoLW5pZ2FtLWRvbi10LXdhbnQtdG8tbmFtZS10aGVtLWJ1dC1tYW55LWJlaGF2ZS1saWtlLXN0YXJzLWp1c3QtYmVjYXVzZS10aGV5LWFyZS1mYW1vdXMtb24tdGlrdG9rLWV4Y2x1c2l2ZS81ZTgzMGY3YzZmMDU5ZTY2MDZhZjZiOWPSAcQBaHR0cHM6Ly93d3cuc3BvdGJveWUuY29tL2FtcC90ZWxldmlzaW9uL3RlbGV2aXNpb24tbmV3cy9zaWRkaGFydGgtbmlnYW0tZG9uLXQtd2FudC10by1uYW1lLXRoZW0tYnV0LW1hbnktYmVoYXZlLWxpa2Utc3RhcnMtanVzdC1iZWNhdXNlLXRoZXktYXJlLWZhbW91cy1vbi10aWt0b2stZXhjbHVzaXZlLzVlODMwZjdjNmYwNTllNjYwNmFmNmI5Yw?hl=en-IN&gl=IN&ceid=IN%3Aen,"Siddharth Nigam: 'Don't Want To Name Them, But Many Behave Like Stars Just Because They Are Famous On TikTok'- EXCLUSIVE"
https://news.google.com/./articles/CBMilAFodHRwczovL3RpbWVzb2ZpbmRpYS5pbmRpYXRpbWVzLmNvbS90di9uZXdzL2hpbmRpL2JhYXZsZS11dGFhdmxlLWdvaW5nLW9mZi1haXItYWN0cmVzcy1zaGl2YW5pLWJhZG9uaS1zaGFyZXMtZ29vZnktcGljdHVyZXMvYXJ0aWNsZXNob3cvNzA2NzkwNTIuY21z0gGPAWh0dHBzOi8vbS50aW1lc29maW5kaWEuY29tL3R2L25ld3MvaGluZGkvYmFhdmxlLXV0YWF2bGUtZ29pbmctb2ZmLWFpci1hY3RyZXNzLXNoaXZhbmktYmFkb25pLXNoYXJlcy1nb29meS1waWN0dXJlcy9hbXBfYXJ0aWNsZXNob3cvNzA2NzkwNTIuY21z?hl=en-IN&gl=IN&ceid=IN%3Aen,Baavle Utaavle going off-air; actress Shivani Badoni shares goofy pictures
https://news.google.com/./articles/CAIiEGZwTXxXWOb-pbYW1ssk_LUqMwgEKioIACIQNOSU--BdxeOU9EKlkyXaNioUCAoiEDTklPvgXcXjlPRCpZMl2jYwhOrEBg?hl=en-IN&gl=IN&ceid=IN%3Aen,When Nagarjuna insisted Seerat should not call him 'sir'
https://news.google.com/./articles/CAIiEBcYDRyEWD3kMcxu-Q1mreQqMwgEKioIACIQNOSU--BdxeOU9EKlkyXaNioUCAoiEDTklPvgXcXjlPRCpZMl2jYwhOrEBg?hl=en-IN&gl=IN&ceid=IN%3Aen,Abhishek: Surviving 20 years in industry seems unimaginable
https://news.google.com/./articles/CBMioAFodHRwczovL3d3dy5pbmRpYXRvZGF5LmluL3RlbGV2aXNpb24vc29hcHMvc3RvcnkvdHUtYWFzaGlxdWktYWN0cmVzcy1qYW5uYXQtcmFobWFuaS1hc2tlZC10by1xdWl0LWFmdGVyLXNoZS1yZWZ1c2VkLXRvLWdldC1pbnRpbWF0ZS1vbi1zY3JlZW4tMTE4OTAyMi0yMDE4LTAzLTE00gGkAWh0dHBzOi8vd3d3LmluZGlhdG9kYXkuaW4vYW1wL3RlbGV2aXNpb24vc29hcHMvc3RvcnkvdHUtYWFzaGlxdWktYWN0cmVzcy1qYW5uYXQtcmFobWFuaS1hc2tlZC10by1xdWl0LWFmdGVyLXNoZS1yZWZ1c2VkLXRvLWdldC1pbnRpbWF0ZS1vbi1zY3JlZW4tMTE4OTAyMi0yMDE4LTAzLTE0?hl=en-IN&gl=IN&ceid=IN%3Aen,Tu Aashiqui actress Jannat Rahmani asked to quit after she refused to get intimate on screen?
https://news.google.com/./articles/CBMivQFodHRwczovL3d3dy5zcG90Ym95ZS5jb20vdGVsZXZpc2lvbi90ZWxldmlzaW9uLW5ld3MvYWphei1raGFuLXNodXRzLWRvd24tYW5jaG9yLWRlZXBhay1jaGF1cmFzaWEtbGl2ZS1vbi1uYXRpb25hbC10di1uZXRpemVucy10cmVuZC1hamF6LW9uLXR3aXR0ZXItYXMtdGhleS1oYWlsLWhpbS81ZWJmN2VkNTBjN2EzYjNkZGY1NzQzOTnSAcEBaHR0cHM6Ly93d3cuc3BvdGJveWUuY29tL2FtcC90ZWxldmlzaW9uL3RlbGV2aXNpb24tbmV3cy9hamF6LWtoYW4tc2h1dHMtZG93bi1hbmNob3ItZGVlcGFrLWNoYXVyYXNpYS1saXZlLW9uLW5hdGlvbmFsLXR2LW5ldGl6ZW5zLXRyZW5kLWFqYXotb24tdHdpdHRlci1hcy10aGV5LWhhaWwtaGltLzVlYmY3ZWQ1MGM3YTNiM2RkZjU3NDM5OQ?hl=en-IN&gl=IN&ceid=IN%3Aen,Ajaz Khan Shuts Down Anchor Deepak Chaurasia Live On National TV; Netizens Trend #Ajaz On Twitter As They Hail Him
https://news.google.com/./articles/CAIiED92y4mIa89d4JrO-9B1jXAqGQgEKhAIACoHCAowzrL9CjDC7vQCMJHmnQY?hl=en-IN&gl=IN&ceid=IN%3Aen,"Jannat Zubair, Ashnoor Kaur, Anushka Sen at Bhavesh Balchandani's gothic themed birthday bash; see pics"
https://news.google.com/./articles/CAIiEMfk2bs_kQ3-zOvg6EobMd0qGQgEKhAIACoHCAowjub-CjDuqfcCMMGF4wU?hl=en-IN&gl=IN&ceid=IN%3Aen,Naagin 5: Makers REVEAL 'new' poster of the show; Drop major hints of Hina Khan being the icchadhari naagin
https://news.google.com/./articles/CAIiEDJf3qWTcXXU8-cu0LMwJuMqGQgEKhAIACoHCAowh_OGCzDdiIUDMMiXlgY?hl=en-IN&gl=IN&ceid=IN%3Aen,Actor Shivam Roy Prabhakar now gearing up for Acting after 'Chaal Gazab Hai' turned to be massively hit!
https://news.google.com/./articles/CAIiEFpS6dbO4HjSg9ku9NdhYToqGQgEKhAIACoHCAowzrL9CjDC7vQCMJHmnQY?hl=en-IN&gl=IN&ceid=IN%3Aen,Bidaai fame Angad Hasija to celebrate birthday in Manali this year
https://news.google.com/./articles/CAIiEK6HSGMZeJMndUiJ9fkik44qGQgEKhAIACoHCAowzcqECzDZuYEDMPq6tgY?hl=en-IN&gl=IN&ceid=IN%3Aen,"MTV to air India’s Biggest Web Entertainment Awards, the IWMBuzz Digital Awards"
https://news.google.com/./articles/CBMic2h0dHBzOi8vd3d3LmJvbGx5d29vZGxpZmUuY29tL25ld3MtZ29zc2lwL2F5YWFuLXp1YmFpci1yYWhtYW5pLXRvLXBsYXktbGl0dGxlLWJpbmR1c2FyYS1pbi1jaGFuZHJhLW5hbmRpbmktMTAyODcwNi_SAXdodHRwczovL3d3dy5ib2xseXdvb2RsaWZlLmNvbS9uZXdzLWdvc3NpcC9heWFhbi16dWJhaXItcmFobWFuaS10by1wbGF5LWxpdHRsZS1iaW5kdXNhcmEtaW4tY2hhbmRyYS1uYW5kaW5pLTEwMjg3MDYvYW1wLw?hl=en-IN&gl=IN&ceid=IN%3Aen,Ayaan Zubair Rahmani to play little Bindusara in Chandra Nandini
https://news.google.com/./articles/CBMiiQFodHRwczovL3RpbWVzb2ZpbmRpYS5pbmRpYXRpbWVzLmNvbS90di9uZXdzL2hpbmRpL3BvbGl0aWNzLWFzaWRlLWhlbHBpbmcta2FzaG1pcmktc3R1ZGVudHMtaXMtanVzdC1hLWh1bWFuLXRoaW5nL2FydGljbGVzaG93LzcwODc3MTYwLmNtc9IBhAFodHRwczovL20udGltZXNvZmluZGlhLmNvbS90di9uZXdzL2hpbmRpL3BvbGl0aWNzLWFzaWRlLWhlbHBpbmcta2FzaG1pcmktc3R1ZGVudHMtaXMtanVzdC1hLWh1bWFuLXRoaW5nL2FtcF9hcnRpY2xlc2hvdy83MDg3NzE2MC5jbXM?hl=en-IN&gl=IN&ceid=IN%3Aen,"Helping Kashmiri students is beyond politics, say filmmaker Rahul Dholakia and actor Ashwath Bhatt"
https://news.google.com/./articles/CBMiygFodHRwczovL3d3dy5zcG90Ym95ZS5jb20vdHJlbmRpbmcvdHJlbmRpbmctbmV3cy9hZnRlci1mYWl6YWwtc2lkZGlxdWktY29tcGxhaW50LWZpbGVkLWFnYWluc3QtYW5vdGhlci10aWt0b2stc3Rhci1mYWlzYWwtc2hhaWtoLWZvci1kZXBpY3RpbmctdmlvbGVuY2UtYWdhaW5zdC13b21lbi1kZWV0cy1pbnNpZGUvNWVjOGNmMWJlOGQwMzc2MTVkODFmOTA30gHOAWh0dHBzOi8vd3d3LnNwb3Rib3llLmNvbS9hbXAvdHJlbmRpbmcvdHJlbmRpbmctbmV3cy9hZnRlci1mYWl6YWwtc2lkZGlxdWktY29tcGxhaW50LWZpbGVkLWFnYWluc3QtYW5vdGhlci10aWt0b2stc3Rhci1mYWlzYWwtc2hhaWtoLWZvci1kZXBpY3RpbmctdmlvbGVuY2UtYWdhaW5zdC13b21lbi1kZWV0cy1pbnNpZGUvNWVjOGNmMWJlOGQwMzc2MTVkODFmOTA3?hl=en-IN&gl=IN&ceid=IN%3Aen,"After Faizal Siddiqui, Complaint Filed Against Another TikTok Star Faisal Shaikh For Depicting Violence Against Women; Deets INSIDE"
https://news.google.com/./articles/CBMifGh0dHBzOi8vd3d3LnRlbGx5Y2hha2thci5jb20vcGhvdG8vc2xpZGVzaG93L21hbXRhLXNoYXJtYS1zaGFhbi1zYW1lZWtzaGEtc3VkLWJoYXZpbi1iaGFuc2hhbGktYW5kLW90aGVycy1zb25nLWxhdW5jaC0yMDAzMDbSAQA?hl=en-IN&gl=IN&ceid=IN%3Aen,"Mamta Sharma. Shaan, Sameeksha Sud, Bhavin Bhanshali and others at a song launch"
https://news.google.com/./articles/CAIiEFQLVyRGwkr5pMvxt9iqG-YqGQgEKhAIACoHCAowzrL9CjDC7vQCMJHmnQY?hl=en-IN&gl=IN&ceid=IN%3Aen,Divyanka Tripathi and Vivek Dahiya get into a fight on their third wedding anniversary; and the reason is
https://news.google.com/./articles/CBMilgFodHRwczovL3RpbWVzb2ZpbmRpYS5pbmRpYXRpbWVzLmNvbS90di9uZXdzL2hpbmRpL3NhbmppdmFuaS0ycy1yb2hpdC1yb3ktd2lzaGVzLWNvLXN0YXItbW9obmlzaC1iYWhsLW9uLWhpcy1iaXJ0aGRheS1zZWUtcG9zdC9hcnRpY2xlc2hvdy83MDY3NzkxNC5jbXPSAZEBaHR0cHM6Ly9tLnRpbWVzb2ZpbmRpYS5jb20vdHYvbmV3cy9oaW5kaS9zYW5qaXZhbmktMnMtcm9oaXQtcm95LXdpc2hlcy1jby1zdGFyLW1vaG5pc2gtYmFobC1vbi1oaXMtYmlydGhkYXktc2VlLXBvc3QvYW1wX2FydGljbGVzaG93LzcwNjc3OTE0LmNtcw?hl=en-IN&gl=IN&ceid=IN%3Aen,Sanjivani 2's Rohit Roy wishes co-star Mohnish Bahl on his birthday; see post
https://news.google.com/./articles/CAIiEGqGM-z3wUq9xr62KqKPiIwqGQgEKhAIACoHCAowzrL9CjDC7vQCMJHmnQY?hl=en-IN&gl=IN&ceid=IN%3Aen,'Manmohini' actor Abhimanyu Chaudhary arrested after tiff with salon employee
https://news.google.com/./articles/CAIiEHZWzmSPZsbTFXrbVC-hTO4qGQgEKhAIACoHCAowzrL9CjDC7vQCMJHmnQY?hl=en-IN&gl=IN&ceid=IN%3Aen,Meri Durga producer Pradeep Kumar: I can’t believe that my show’s director was behind the death threats t
https://news.google.com/./articles/CBMirwFodHRwczovL3d3dy5zcG90Ym95ZS5jb20vYm9sbHl3b29kL25ld3Mva2FyZWVuYS1rYXBvb3Ita2hhbi1zaGFyZXMtYS1xdWFyYW50aW5lLW1lbW9yeS1jcmVhdGVkLWJ5LWhlci1zYWlmLWFsaS1raGFuLWFuZC10YWltdXItYWxpLWtoYW4tcGljdHVyZS1pbnNpZGUvNWViZThiMzUwYzdhM2IzZGRmNTc0MzIw0gEA?hl=en-IN&gl=IN&ceid=IN%3Aen,"Kareena Kapoor Khan Shares A Quarantine Memory Created By Her, Saif Ali Khan and Taimur Ali Khan- PICTURE INSIDE"
https://news.google.com/./articles/CAIiEIuHClAp-ezYJ0qd1Czs73MqGQgEKhAIACoHCAow7IeCCzDox_4CMOK48gU?hl=en-IN&gl=IN&ceid=IN%3Aen,Nisha Guragain Viral Videos and Photos: Indian Tik Tok Star's Most-Loved Bollywood Dance and Lip-Sync
https://news.google.com/./articles/CAIiEDf_9XOKDZpO6xfeEm2DQygqGQgEKhAIACoHCAowzrL9CjDC7vQCMJHmnQY?hl=en-IN&gl=IN&ceid=IN%3Aen,The Kapil Sharma Show: Kapil reveals Shahid takes bath for 2 hours after the shoot; asks what evidence he
https://news.google.com/./articles/CBMigQFodHRwczovL3d3dy5uZXdzeC5jb20vZW50ZXJ0YWlubWVudC9qYW5uYXQtenViYWlyLW1ha2VzLXNpbmdpbmctZGVidXQtaW4taXNocS1mYXJ6aS1tdXNpYy1hbGJ1bS13aXRoLXJvaGFuLW1laHJhLXdhdGNoLXZpZGVvLmh0bWzSAYUBaHR0cHM6Ly93d3cubmV3c3guY29tL2FtcC9lbnRlcnRhaW5tZW50L2phbm5hdC16dWJhaXItbWFrZXMtc2luZ2luZy1kZWJ1dC1pbi1pc2hxLWZhcnppLW11c2ljLWFsYnVtLXdpdGgtcm9oYW4tbWVocmEtd2F0Y2gtdmlkZW8uaHRtbA?hl=en-IN&gl=IN&ceid=IN%3Aen,"Jannat Zubair makes singing debut in Ishq Farzi music album with Rohan Mehra, watch video"
https://news.google.com/./articles/CBMikgFodHRwczovL3RpbWVzb2ZpbmRpYS5pbmRpYXRpbWVzLmNvbS90di9uZXdzL2hpbmRpL2Fyaml0LXRhbmVqYS1hbGwtdGhlLWZ1bi10aGF0LXBlb3BsZS1oYXZlLWluLWNvbGxlZ2UtaS1oYWQtaXQtaW4tc2Nob29sL2FydGljbGVzaG93LzYzMjg0MjUzLmNtc9IBjQFodHRwczovL20udGltZXNvZmluZGlhLmNvbS90di9uZXdzL2hpbmRpL2Fyaml0LXRhbmVqYS1hbGwtdGhlLWZ1bi10aGF0LXBlb3BsZS1oYXZlLWluLWNvbGxlZ2UtaS1oYWQtaXQtaW4tc2Nob29sL2FtcF9hcnRpY2xlc2hvdy82MzI4NDI1My5jbXM?hl=en-IN&gl=IN&ceid=IN%3Aen,"Arjit Taneja: All the fun that people have in college, I had it in school"
https://news.google.com/./articles/CAIiEI9QjfnkPMqUEUej1IJPAnUqGQgEKhAIACoHCAowzrL9CjDC7vQCMJHmnQY?hl=en-IN&gl=IN&ceid=IN%3Aen,"Yeh Rishtey Hain Pyaar Ke written update, June 12, 2019: Abir proposes to Mishti; Kunal and Kuhu get shoc"
https://news.google.com/./articles/CAIiELkKwA6qrQX0HYKNoUGUwp8qGQgEKhAIACoHCAowjub-CjDuqfcCMMGF4wU?hl=en-IN&gl=IN&ceid=IN%3Aen,"Bigg Boss 12's Deepak Thakur, Roshmi Banik & Saba Khan pen sweet wishes for birthday girl Somi Khan; See posts"
https://news.google.com/./articles/CAIiEP0Lc99lT-U5oiQF1t-AvtcqGQgEKhAIACoHCAowzrL9CjDC7vQCMJHmnQY?hl=en-IN&gl=IN&ceid=IN%3Aen,"Actresses Minissha, Delnaaz, Kishwer, Guddi and Chitrashi on a shopping spree in Jaipur"
https://news.google.com/./articles/CBMitQFodHRwczovL3RpbWVzb2ZpbmRpYS5pbmRpYXRpbWVzLmNvbS90di9uZXdzL2hpbmRpL3llaC1yaXNodGEta3lhLWtlaGxhdGEtaGFpLXdyaXR0ZW4tdXBkYXRlLW1hcmNoLTIxLTIwMTgtdGhlLWZhbWlseS1jZWxlYnJhdGVzLXRoZS1uZXdzLW9mLWtpcnRpcy1wcmVnbmFuY3kvYXJ0aWNsZXNob3cvNjM0MTA1MjUuY21z0gGwAWh0dHBzOi8vbS50aW1lc29maW5kaWEuY29tL3R2L25ld3MvaGluZGkveWVoLXJpc2h0YS1reWEta2VobGF0YS1oYWktd3JpdHRlbi11cGRhdGUtbWFyY2gtMjEtMjAxOC10aGUtZmFtaWx5LWNlbGVicmF0ZXMtdGhlLW5ld3Mtb2Yta2lydGlzLXByZWduYW5jeS9hbXBfYXJ0aWNsZXNob3cvNjM0MTA1MjUuY21z?hl=en-IN&gl=IN&ceid=IN%3Aen,"Yeh Rishta Kya Kehlata Hai written update March 21, 2018 : The family celebrates the news of Kirti's preg"
https://news.google.com/./articles/CBMivQFodHRwczovL3RpbWVzb2ZpbmRpYS5pbmRpYXRpbWVzLmNvbS90di9uZXdzL2hpbmRpL2t1bWt1bS1iaGFneWFzLWRhZGktbWFkaHUtcmFqYS1kYW5jaW5nLWF0LWhlcnMtNzV0aC1iaXJ0aGRheS1iYXNoLWlzLXRoZS1jdXRlc3QtdGhpbmcteW91LXdpbGwtc2VlLW9uLXRoZS1pbnRlcm5ldC9hcnRpY2xlc2hvdy82MzI5MDQxNS5jbXPSAbgBaHR0cHM6Ly9tLnRpbWVzb2ZpbmRpYS5jb20vdHYvbmV3cy9oaW5kaS9rdW1rdW0tYmhhZ3lhcy1kYWRpLW1hZGh1LXJhamEtZGFuY2luZy1hdC1oZXJzLTc1dGgtYmlydGhkYXktYmFzaC1pcy10aGUtY3V0ZXN0LXRoaW5nLXlvdS13aWxsLXNlZS1vbi10aGUtaW50ZXJuZXQvYW1wX2FydGljbGVzaG93LzYzMjkwNDE1LmNtcw?hl=en-IN&gl=IN&ceid=IN%3Aen,Kumkum Bhagya's dadi Madhu Raja dancing at her 75th birthday bash is the cutest thing you will see on the
https://news.google.com/./articles/CBMimwFodHRwczovL3RpbWVzb2ZpbmRpYS5pbmRpYXRpbWVzLmNvbS90di9uZXdzL2hpbmRpL2lzaHFiYWF6LXdyaXR0ZW4tdXBkYXRlLWF1Z3VzdC0yMS0yMDE4LXNoaXZhYXktYW5kLWFuaWthLXNpZ24tdGhlLWRpdm9yY2UtcGFwZXJzL2FydGljbGVzaG93LzY1NDk3NjY5LmNtc9IBlgFodHRwczovL20udGltZXNvZmluZGlhLmNvbS90di9uZXdzL2hpbmRpL2lzaHFiYWF6LXdyaXR0ZW4tdXBkYXRlLWF1Z3VzdC0yMS0yMDE4LXNoaXZhYXktYW5kLWFuaWthLXNpZ24tdGhlLWRpdm9yY2UtcGFwZXJzL2FtcF9hcnRpY2xlc2hvdy82NTQ5NzY2OS5jbXM?hl=en-IN&gl=IN&ceid=IN%3Aen,"Ishqbaaz written update, August 21, 2018: Shivaay and Anika sign the divorce papers"
https://news.google.com/./articles/CBMiZGh0dHBzOi8vd3d3LnRlbGx5Y2hha2thci5jb20vdHYvdHYtbmV3cy90aWt0b2stc3Rhci1tci1mYWlzdS0wNy10ZWFtLXBhcnRpY2lwYXRlLXJlYWxpdHktc2hvdy0xOTA4MDjSAWhodHRwczovL3d3dy50ZWxseWNoYWtrYXIuY29tL3R2L3R2LW5ld3MvdGlrdG9rLXN0YXItbXItZmFpc3UtMDctdGVhbS1wYXJ0aWNpcGF0ZS1yZWFsaXR5LXNob3ctMTkwODA4P2FtcA?hl=en-IN&gl=IN&ceid=IN%3Aen,TikTok star Mr Faisu & 07 team to participate in THIS reality show
https://news.google.com/./articles/CBMieWh0dHBzOi8vd3d3LnRlbGx5Y2hha2thci5jb20vdHYvdHYtbmV3cy9zaGFzaGFuay12eWFzLWhlbGx5LXNoYWgtYW5kLXNoaXZpbi1uYXJhbmctYWRkLXN0YXItdmFsdWUtdGhlLXNlbGZpc2gtc2hvdy0xOTA3MTnSAX1odHRwczovL3d3dy50ZWxseWNoYWtrYXIuY29tL3R2L3R2LW5ld3Mvc2hhc2hhbmstdnlhcy1oZWxseS1zaGFoLWFuZC1zaGl2aW4tbmFyYW5nLWFkZC1zdGFyLXZhbHVlLXRoZS1zZWxmaXNoLXNob3ctMTkwNzE5P2FtcA?hl=en-IN&gl=IN&ceid=IN%3Aen,"Shashank Vyas, Helly Shah and Shivin Narang add star value to the Selfish show!"
https://news.google.com/./articles/CAIiEPsyQyAFJ_3_YGXviiZ2pJsqGQgEKhAIACoHCAowzrL9CjDC7vQCMJHmnQY?hl=en-IN&gl=IN&ceid=IN%3Aen,TV show 'Roop — Mard Ka Naya Swaroop' to end next month
https://news.google.com/./articles/CBMisAFodHRwczovL3RpbWVzb2ZpbmRpYS5pbmRpYXRpbWVzLmNvbS90di9uZXdzL2hpbmRpL3RhYXJhay1tZWh0YS1rYS1vb2x0YWgtY2hhc2htYWgtd3JpdHRlbi11cGRhdGUtYXVndXN0LTIxLTIwMTgtZGFyYXZhbmktZHVsaGFuLWNvbWVzLXRvLW1hcnJ5LXBvcGF0bGFsL2FydGljbGVzaG93LzY1NDk3NzA0LmNtc9IBqwFodHRwczovL20udGltZXNvZmluZGlhLmNvbS90di9uZXdzL2hpbmRpL3RhYXJhay1tZWh0YS1rYS1vb2x0YWgtY2hhc2htYWgtd3JpdHRlbi11cGRhdGUtYXVndXN0LTIxLTIwMTgtZGFyYXZhbmktZHVsaGFuLWNvbWVzLXRvLW1hcnJ5LXBvcGF0bGFsL2FtcF9hcnRpY2xlc2hvdy82NTQ5NzcwNC5jbXM?hl=en-IN&gl=IN&ceid=IN%3Aen,"Taarak Mehta Ka Ooltah Chashmah written update, August 21, 2018: Daravani dulhan comes to marry Popatlal"
https://news.google.com/./articles/CBMiVWh0dHBzOi8vd3d3LnNoZXRoZXBlb3BsZS50di9uZXdzL251cnNlcy1yZWNvcmRlZC12aWRlb3MtbmVvbmF0YWwtdW5pdC1hc2tlZC1nby1sZWF2ZS_SAVlodHRwczovL3d3dy5zaGV0aGVwZW9wbGUudHYvbmV3cy9udXJzZXMtcmVjb3JkZWQtdmlkZW9zLW5lb25hdGFsLXVuaXQtYXNrZWQtZ28tbGVhdmUvYW1wLw?hl=en-IN&gl=IN&ceid=IN%3Aen,Nurses Who Recorded Tik Tok Videos In SNCU Asked To Go On Leave
https://news.google.com/./articles/CBMipgFodHRwczovL3RpbWVzb2ZpbmRpYS5pbmRpYXRpbWVzLmNvbS90di9uZXdzL2hpbmRpL2lzaHEtbWVpbi1tYXJqYXdhbi13cml0dGVuLXVwZGF0ZS1tYXJjaC0yMS0yMDE4LWRlZXAtYXNrcy10YXJhLXRvLWdldC1hLXRhdHRvby1tYWRlLWZvci1oaW0vYXJ0aWNsZXNob3cvNjM0MTA1ODYuY21z0gGhAWh0dHBzOi8vbS50aW1lc29maW5kaWEuY29tL3R2L25ld3MvaGluZGkvaXNocS1tZWluLW1hcmphd2FuLXdyaXR0ZW4tdXBkYXRlLW1hcmNoLTIxLTIwMTgtZGVlcC1hc2tzLXRhcmEtdG8tZ2V0LWEtdGF0dG9vLW1hZGUtZm9yLWhpbS9hbXBfYXJ0aWNsZXNob3cvNjM0MTA1ODYuY21z?hl=en-IN&gl=IN&ceid=IN%3Aen,"Ishq Mein Marjawan written update March 21, 2018: Deep asks Tara to get a tattoo made for him"
https://news.google.com/./articles/CBMib2h0dHBzOi8vd3d3Lml3bWJ1enouY29tL3RlbGV2aXNpb24vcGhvdG9zL3Jvbml0LXJvaGl0LWphbm5hdC1heWFhbi1yZWFsLWxpZmUtc2libGluZ3MtcG9wdWxhci1hY3RvcnMvMjAxOS8wNi8yMNIBc2h0dHBzOi8vd3d3Lml3bWJ1enouY29tL3RlbGV2aXNpb24vcGhvdG9zL3Jvbml0LXJvaGl0LWphbm5hdC1heWFhbi1yZWFsLWxpZmUtc2libGluZ3MtcG9wdWxhci1hY3RvcnMvMjAxOS8wNi8yMC9hbXA?hl=en-IN&gl=IN&ceid=IN%3Aen,Ronit-Rohit to Jannat-Ayaan: Real-life siblings who are popular actors
https://news.google.com/./articles/CBMidWh0dHBzOi8vd3d3LmJvbGx5d29vZGxpZmUuY29tL25ld3MtZ29zc2lwL21haGFiaGFyYXQtbWFrZXItc2lkZGhhcnRoLWt1bWFyLXRld2FyeXMtbmV3LXZlbnR1cmUtdGl0bGVkLWJhbmRoYW4tMzQ5OTQ2L9IBeWh0dHBzOi8vd3d3LmJvbGx5d29vZGxpZmUuY29tL25ld3MtZ29zc2lwL21haGFiaGFyYXQtbWFrZXItc2lkZGhhcnRoLWt1bWFyLXRld2FyeXMtbmV3LXZlbnR1cmUtdGl0bGVkLWJhbmRoYW4tMzQ5OTQ2L2FtcC8?hl=en-IN&gl=IN&ceid=IN%3Aen,Mahabharat maker Siddharth Kumar Tewary’s new venture titled Bandhan
https://news.google.com/./articles/CAIiEC-mm8Ed93IyN7h8jdUTTO0qGQgEKhAIACoHCAow9Lf0CjCm5aIDMLmWrwY?hl=en-IN&gl=IN&ceid=IN%3Aen,Hum bhi superstar
https://news.google.com/./articles/CAIiEPm7thRFigYe7P3WqHEy9oAqGQgEKhAIACoHCAow7IeCCzDox_4CMNSQiAY?hl=en-IN&gl=IN&ceid=IN%3Aen,Nisha Guragain Viral Videos After TikTok Ban: Here's How to Watch TikTok Star's Bollywood Dance and
https://news.google.com/./articles/CAIiEAQ-rPdSjSos2SrDe3lHvGkqGQgEKhAIACoHCAowzrL9CjDC7vQCMJHmnQY?hl=en-IN&gl=IN&ceid=IN%3Aen,Shalini Sahuta is back in action after two years with 'Laal Ishq'
https://news.google.com/./articles/CAIiEGcCEJAMt_gaiozAMPp2aewqGQgEKhAIACoHCAowjub-CjDuqfcCMMGF4wU?hl=en-IN&gl=IN&ceid=IN%3Aen,Bigg Boss 12: Karanvir Bohra poses with a lingerie over his head and leaves his fans upset; watch video
https://news.google.com/./articles/CBMihgFodHRwczovL3d3dy5ib2xseXdvb2RsaWZlLmNvbS9uZXdzLWdvc3NpcC90di1yZXZpZXctbWVyaS1hd2Fhei1oaS1wZWhjaGFhbi1oYWktdGhpcy1pbnNwaXJlZC10YWxlLWlzLWJhY2tlZC1ieS1wb3dlcmZ1bC1hY3RpbmctNjgxMTE5L9IBigFodHRwczovL3d3dy5ib2xseXdvb2RsaWZlLmNvbS9uZXdzLWdvc3NpcC90di1yZXZpZXctbWVyaS1hd2Fhei1oaS1wZWhjaGFhbi1oYWktdGhpcy1pbnNwaXJlZC10YWxlLWlzLWJhY2tlZC1ieS1wb3dlcmZ1bC1hY3RpbmctNjgxMTE5L2FtcC8?hl=en-IN&gl=IN&ceid=IN%3Aen,TV Review Meri Awaaz Hi Pehchaan Hai: This 'inspired' tale is backed by powerful acting!
https://news.google.com/./articles/CAIiEFddUj5fF3Gg5hEcpnfS5tIqGQgEKhAIACoHCAowjub-CjDuqfcCMMGF4wU?hl=en-IN&gl=IN&ceid=IN%3Aen,"Bigg Boss 12 grand finale promo: Bharti Singh enters inside the house, leaves everyone in splits"
https://news.google.com/./articles/CAIiEJwAoI2oODTQ-gtm72VBUIYqGQgEKhAIACoHCAowjub-CjDuqfcCMMGF4wU?hl=en-IN&gl=IN&ceid=IN%3Aen,"Bigg Boss 12 finale week: Kamya Punjabi, Priyank Sharma & Gautam Gulati challenge the housemates with a twist"
https://news.google.com/./articles/CBMiaWh0dHA6Ly93d3cuYm9sbHl3b29kaGVscGxpbmUuY29tL25ld3MtZ29zc2lwcy90ZWxseS1idXp6L2hlZW5hLXBhcm1hci10by1iZS1zZWVuLWluLW1haGFyYW5hLXByYXRhcC8yOTYxMdIBAA?hl=en-IN&gl=IN&ceid=IN%3Aen,Heena Parmar to be seen in Maharana Pratap
https://news.google.com/./articles/CAIiEM-gZf5z3dQ1I0Dk1blgZoQqGQgEKhAIACoHCAowjub-CjDuqfcCMMGF4wU?hl=en-IN&gl=IN&ceid=IN%3Aen,"Bigg Boss 12: Neha Pendse to enter the show; Biography, Profile, Photos of the TV star"
https://news.google.com/./articles/CAIiECuN1Oc-9tvlRAVkNzpoutcqGQgEKhAIACoHCAowjub-CjDuqfcCMMGF4wU?hl=en-IN&gl=IN&ceid=IN%3Aen,Bigg Boss 12: Hina Khan chills with Salman Khan over a coffee date
https://news.google.com/./articles/CAIiENd1qIu-Slu2fRggFx5WUOgqGQgEKhAIACoHCAowjub-CjDuqfcCMMGF4wU?hl=en-IN&gl=IN&ceid=IN%3Aen,Bigg Boss 12: Evicted contestants Nirmal Singh and Roshmi Banik to be back in the game?
